click_id,campaign_id,utm_source,utm_medium,utm_campaign,event_timestamp
9b8b9e09-1088-479e-a996-9ffc0882a1f4,0b4056db-11d5-4149-8328-dfd24fb8e342,google,cpc,promo_verao,2025-06-10T23:05:55.887016
11c87ae5-77c7-4611-9be4-55cb577db9af,0b4056db-11d5-4149-8328-dfd24fb8e342,google,cpc,promo_verao,2026-03-12T22:30:56.964698
3f6a0cb2-9e2c-4609-ad7a-8451669aa820,0b4056db-11d5-4149-8328-dfd24fb8e342,google,cpc,promo_verao,2025-08-02T17:32:46.977067
ed6fe5fd-b71e-40ae-99d0-57df04ca1b3f,0b4056db-11d5-4149-8328-dfd24fb8e342,google,cpc,promo_verao,2025-09-29T07:04:38.218953
724addaa-fa16-4664-9d73-60a325fe8889,0b4056db-11d5-4149-8328-dfd24fb8e342,google,cpc,promo_verao,2025-04-14T22:16:21.666918
b9f5a8bb-447e-4777-8719-408c67f9a65d,0b4056db-11d5-4149-8328-dfd24fb8e342,google,cpc,promo_verao,2025-10-03T15:47:36.490363
9e9f9e34-cbee-401d-8b52-4d2f43a66c13,0b4056db-11d5-4149-8328-dfd24fb8e342,google,cpc,promo_verao,2026-06-19T02:48:17.412832
fbafc945-0ed8-472c-9dc7-48692a150496,0b4056db-11d5-4149-8328-dfd24fb8e342,google,cpc,promo_verao,2026-03-10T08:37:46.820494
7e8ba72e-f947-4cab-ad02-a8769e4d828b,0b4056db-11d5-4149-8328-dfd24fb8e342,google,cpc,promo_verao,2026-06-10T15:11:37.120203
fbdf9931-9916-4f4e-8b02-183c636283f2,0b4056db-11d5-4149-8328-dfd24fb8e342,google,cpc,promo_verao,2025-05-05T15:23:49.581605
767ab80b-1a74-41f3-9258-b5c43e5da014,0b4056db-11d5-4149-8328-dfd24fb8e342,google,cpc,promo_verao,2026-01-17T19:13:07.513870
6457ef61-98bf-435b-9dbd-652876104f36,0b4056db-11d5-4149-8328-dfd24fb8e342,google,cpc,promo_verao,2025-11-28T22:32:02.513356
a41c600b-e5c2-4a08-823b-a5d397eeb0a5,0b4056db-11d5-4149-8328-dfd24fb8e342,google,cpc,promo_verao,2026-01-19T03:05:05.215182
7bbb54b5-79f7-49d9-91f3-b6d13959fed9,0b4056db-11d5-4149-8328-dfd24fb8e342,google,cpc,promo_verao,2025-09-24T15:54:12.070853
708fdfbb-2cd4-49e1-9199-db379f138202,0b4056db-11d5-4149-8328-dfd24fb8e342,google,cpc,promo_verao,2025-04-01T00:40:06.108503
e17956f4-4fc4-43c2-a17c-60a43eaad61f,0b4056db-11d5-4149-8328-dfd24fb8e342,google,cpc,promo_verao,2026-07-28T14:16:05.429262
a53302ca-e194-472a-88f0-87d52e0439fa,0b4056db-11d5-4149-8328-dfd24fb8e342,google,cpc,promo_verao,2026-01-10T18:02:34.985825
202893ce-5345-4425-9985-ca2cd4a067df,0b4056db-11d5-4149-8328-dfd24fb8e342,google,cpc,promo_verao,2026-07-14T22:28:36.441292
0720d327-fc5d-4386-9ac1-5f9c2086fb94,0b4056db-11d5-4149-8328-dfd24fb8e342,google,cpc,promo_verao,2026-06-20T21:20:19.177737
4e741256-b4fd-40dc-9d28-2b3ab735e1d1,0b4056db-11d5-4149-8328-dfd24fb8e342,google,cpc,promo_verao,2025-12-08T11:45:40.218940
ff36f33a-e31f-47ed-b53a-4d68ca71b1ea,0b4056db-11d5-4149-8328-dfd24fb8e342,google,cpc,promo_verao,2025-07-10T05:10:10.899726
a784b3ce-c97a-4d93-b861-073c5fb7f82b,0b4056db-11d5-4149-8328-dfd24fb8e342,google,cpc,promo_verao,2026-05-13T13:48:22.394285
fe93d04a-95d3-41f2-8b96-22dbef175c5c,0b4056db-11d5-4149-8328-dfd24fb8e342,google,cpc,promo_verao,2025-06-16T07:25:32.271960
6d64554d-d24f-4955-a547-729d2b029a14,0b4056db-11d5-4149-8328-dfd24fb8e342,google,cpc,promo_verao,2026-06-27T21:50:52.564879
35871721-64c0-4dff-bb90-3ccb9ea2c0c1,0b4056db-11d5-4149-8328-dfd24fb8e342,google,cpc,promo_verao,2025-07-29T13:18:15.190215
fd89de8b-37ad-4b28-8c9a-9053c41ef691,0b4056db-11d5-4149-8328-dfd24fb8e342,google,cpc,promo_verao,2026-07-05T10:32:38.604216
d3b52e69-5937-423b-8552-4a58952cd846,0b4056db-11d5-4149-8328-dfd24fb8e342,google,cpc,promo_verao,2025-10-28T15:10:58.771136
859486bd-e105-4b73-bbd9-435d94a16afc,0b4056db-11d5-4149-8328-dfd24fb8e342,google,cpc,promo_verao,2025-05-06T05:32:09.462111
5b2d48ef-d2f0-43d1-9b31-ed637cb5e78d,0b4056db-11d5-4149-8328-dfd24fb8e342,google,cpc,promo_verao,2025-11-27T07:10:59.163753
c35f3917-871e-46f1-b0ce-e8e423f91c81,0b4056db-11d5-4149-8328-dfd24fb8e342,google,cpc,promo_verao,2025-12-12T06:22:15.686279
56581b17-8d0b-4104-aa54-e54b1a53a399,0b4056db-11d5-4149-8328-dfd24fb8e342,google,cpc,promo_verao,2025-09-02T00:27:03.956900
3489144a-07d1-45e6-8627-b9fbc770c8ef,0b4056db-11d5-4149-8328-dfd24fb8e342,google,cpc,promo_verao,2025-07-29T14:26:26.374463
fb622bfd-d6d5-4e4d-8177-723b8a717e15,0b4056db-11d5-4149-8328-dfd24fb8e342,google,cpc,promo_verao,2025-06-08T14:30:09.667150
00745487-dc7e-458f-84fb-dcd0a9536c9f,0b4056db-11d5-4149-8328-dfd24fb8e342,google,cpc,promo_verao,2025-06-08T07:57:00.422469
4f81e686-2892-4f31-80e7-d06c6b0a0314,0b4056db-11d5-4149-8328-dfd24fb8e342,google,cpc,promo_verao,2025-09-14T17:38:50.355834
8c81addc-7fb1-4e15-9438-4650d78277fa,0b4056db-11d5-4149-8328-dfd24fb8e342,google,cpc,promo_verao,2025-11-17T12:12:18.470042
1319c93c-dcf4-43eb-95e6-c476679d9744,0b4056db-11d5-4149-8328-dfd24fb8e342,google,cpc,promo_verao,2026-06-13T23:56:12.034739
f03720ff-0887-4ac7-b8ad-281581f1162d,0b4056db-11d5-4149-8328-dfd24fb8e342,google,cpc,promo_verao,2026-02-22T08:26:26.577322
6d8615e1-4d94-4746-9867-70b3a094516d,0b4056db-11d5-4149-8328-dfd24fb8e342,google,cpc,promo_verao,2026-08-17T05:36:14.869511
01603ba3-f0ca-42a4-ad20-eae219c13baf,0b4056db-11d5-4149-8328-dfd24fb8e342,google,cpc,promo_verao,2025-09-16T06:52:28.197475
8a7459a7-7751-4b10-888b-accfbaa038ed,0b4056db-11d5-4149-8328-dfd24fb8e342,google,cpc,promo_verao,2025-04-19T19:09:42.994311
afce6cef-e93f-4f10-a385-7b2266558a1b,0b4056db-11d5-4149-8328-dfd24fb8e342,google,cpc,promo_verao,2025-10-22T11:43:11.262195
9903f875-05da-4073-9919-c82f2fa34cb4,0b4056db-11d5-4149-8328-dfd24fb8e342,google,cpc,promo_verao,2026-01-02T20:37:58.479126
ccc341f0-fb49-44ce-96c0-45b658fa19b5,0b4056db-11d5-4149-8328-dfd24fb8e342,google,cpc,promo_verao,2025-11-04T22:12:30.748792
6c8595a5-1dbd-4b4b-b83c-a0e1b159e73a,0b4056db-11d5-4149-8328-dfd24fb8e342,google,cpc,promo_verao,2025-12-18T17:52:09.362880
a3035827-1c4d-49e6-9dcd-471d4e8068db,0b4056db-11d5-4149-8328-dfd24fb8e342,google,cpc,promo_verao,2025-04-11T00:49:25.979400
c6c1e26c-e14c-4f4b-b0c1-76b06d8eb2e3,0b4056db-11d5-4149-8328-dfd24fb8e342,google,cpc,promo_verao,2026-02-03T08:15:14.084986
29b164f2-4311-4a1e-8af6-5c21ee5c7712,0b4056db-11d5-4149-8328-dfd24fb8e342,google,cpc,promo_verao,2025-10-17T23:50:37.798876
ec88ebb0-3d37-4d0c-9ec9-13177e35b9d2,0b4056db-11d5-4149-8328-dfd24fb8e342,google,cpc,promo_verao,2026-05-14T20:59:51.568516
607e932e-aff1-4dc0-89ce-bee4085b8ea4,0b4056db-11d5-4149-8328-dfd24fb8e342,google,cpc,promo_verao,2025-09-28T08:17:58.918662
d7f6c7cc-b38b-4f0e-b4ca-cb19195712e9,0b4056db-11d5-4149-8328-dfd24fb8e342,google,cpc,promo_verao,2026-01-28T21:26:09.979672
43c60e83-6126-4859-92bb-f83dd78f5bac,0b4056db-11d5-4149-8328-dfd24fb8e342,google,cpc,promo_verao,2025-06-19T21:43:25.788445
c6bd4ba3-cfa6-404d-b6cb-b64ed8115589,0b4056db-11d5-4149-8328-dfd24fb8e342,google,cpc,promo_verao,2026-01-15T19:07:20.708705
3f2004ea-98ca-437b-8307-050d872e2f74,0b4056db-11d5-4149-8328-dfd24fb8e342,google,cpc,promo_verao,2026-01-29T18:23:13.116061
79765df2-fb92-4807-93f8-0f4bf47edd29,0b4056db-11d5-4149-8328-dfd24fb8e342,google,cpc,promo_verao,2025-03-29T08:25:37.286884
8185cade-877b-43f3-9afe-dbe8fa394e0a,0b4056db-11d5-4149-8328-dfd24fb8e342,google,cpc,promo_verao,2025-07-30T12:25:29.871419
65d4efab-4273-4c25-9e24-a465dd0aaf60,0b4056db-11d5-4149-8328-dfd24fb8e342,google,cpc,promo_verao,2025-11-14T04:25:27.142211
27c59927-c621-439b-8f69-ead8316675f5,0b4056db-11d5-4149-8328-dfd24fb8e342,google,cpc,promo_verao,2025-05-08T20:31:08.249137
09eaca37-362b-4a2c-b5a1-528b443ea3fc,0b4056db-11d5-4149-8328-dfd24fb8e342,google,cpc,promo_verao,2025-09-19T06:13:33.915118
37f3da9f-68bb-40cc-aacc-a25d649a8017,0b4056db-11d5-4149-8328-dfd24fb8e342,google,cpc,promo_verao,2025-12-17T01:34:19.811143
22760ee0-54f0-4c59-93e2-2e9cc92dda09,0b4056db-11d5-4149-8328-dfd24fb8e342,google,cpc,promo_verao,2025-10-25T10:11:47.919353
2132245e-cb7a-4f6d-994c-ab93102bcb14,0b4056db-11d5-4149-8328-dfd24fb8e342,google,cpc,promo_verao,2025-10-19T04:46:42.726285
0193b940-b0fa-4e0d-85db-e433d09501da,0b4056db-11d5-4149-8328-dfd24fb8e342,google,cpc,promo_verao,2025-09-08T05:35:25.004485
55ec0d2e-a159-46c7-bd4c-5380229f0d71,0b4056db-11d5-4149-8328-dfd24fb8e342,google,cpc,promo_verao,2025-08-26T11:03:54.735052
8734469e-8c84-45e3-a97b-ceedc02fc4bd,0b4056db-11d5-4149-8328-dfd24fb8e342,google,cpc,promo_verao,2026-01-31T02:38:13.154757
7712f71d-30af-4ece-8ef5-c02142b7a12b,0b4056db-11d5-4149-8328-dfd24fb8e342,google,cpc,promo_verao,2026-03-14T10:59:28.402107
64a4b4f9-f481-4a09-904f-ca459de99016,0b4056db-11d5-4149-8328-dfd24fb8e342,google,cpc,promo_verao,2026-02-10T02:04:10.986860
26953bc8-73a3-4296-b5ae-9d247d6b47e3,0b4056db-11d5-4149-8328-dfd24fb8e342,google,cpc,promo_verao,2025-06-21T09:18:42.269154
718f0e80-a4d6-4850-a159-9bf8ea7c2600,0b4056db-11d5-4149-8328-dfd24fb8e342,google,cpc,promo_verao,2026-02-08T15:30:51.711552
6d960f16-de2b-464b-80db-143f0f763a55,0b4056db-11d5-4149-8328-dfd24fb8e342,google,cpc,promo_verao,2026-02-03T15:55:33.052926
7c07a24e-e28a-4ac6-962c-8605b35fedca,0b4056db-11d5-4149-8328-dfd24fb8e342,google,cpc,promo_verao,2025-10-07T19:46:22.485632
3d8272a6-a7f2-4ccd-8c78-7977415d9c9e,0b4056db-11d5-4149-8328-dfd24fb8e342,google,cpc,promo_verao,2025-08-20T04:52:23.795495
ab8205ff-9831-4e30-8846-8d9346d18fcb,0b4056db-11d5-4149-8328-dfd24fb8e342,google,cpc,promo_verao,2026-04-16T19:48:31.443027
23b16a69-63fe-49d7-92f2-da1a6873f9c8,0b4056db-11d5-4149-8328-dfd24fb8e342,google,cpc,promo_verao,2026-05-09T17:46:14.663035
18d2d47f-a633-4884-8e2b-3edf923eaf7c,0b4056db-11d5-4149-8328-dfd24fb8e342,google,cpc,promo_verao,2025-03-24T14:07:33.847014
ae6f06f6-3680-41c7-bd27-9e2156afc488,0b4056db-11d5-4149-8328-dfd24fb8e342,google,cpc,promo_verao,2026-06-01T02:50:18.286872
ebdd0847-6898-4765-9d85-5b4ab88ac5d5,0b4056db-11d5-4149-8328-dfd24fb8e342,google,cpc,promo_verao,2026-05-11T08:37:11.473675
5471581b-33e0-4718-b36b-04f0ec957d78,0b4056db-11d5-4149-8328-dfd24fb8e342,google,cpc,promo_verao,2025-05-09T12:49:58.072093
67ea886d-d540-4d90-a16e-67d577a16e1f,0b4056db-11d5-4149-8328-dfd24fb8e342,google,cpc,promo_verao,2026-06-08T10:28:56.237826
c4aac0ed-89dd-4408-981c-6ccf606265d3,0b4056db-11d5-4149-8328-dfd24fb8e342,google,cpc,promo_verao,2026-01-24T07:38:52.101969
747bc314-04d5-4ad1-9034-3774099a7749,0b4056db-11d5-4149-8328-dfd24fb8e342,google,cpc,promo_verao,2026-08-19T03:29:52.002098
e1923d1d-90e8-4006-a937-92136d375173,0b4056db-11d5-4149-8328-dfd24fb8e342,google,cpc,promo_verao,2025-11-02T19:31:05.199699
744a17dd-73e1-435d-adb7-977546bf24c3,0b4056db-11d5-4149-8328-dfd24fb8e342,google,cpc,promo_verao,2025-11-17T23:09:52.188962
4e5a12f9-af46-4cb2-9868-9f22f8a8df29,0b4056db-11d5-4149-8328-dfd24fb8e342,google,cpc,promo_verao,2026-02-12T12:52:41.504205
eec32631-bfad-4e4e-98cc-e67034c86036,0b4056db-11d5-4149-8328-dfd24fb8e342,google,cpc,promo_verao,2025-04-13T02:42:58.230906
9555a2b8-15b0-4069-b22d-220f6c4653b1,0b4056db-11d5-4149-8328-dfd24fb8e342,google,cpc,promo_verao,2025-09-15T14:22:49.861698
34a2b2df-aa5d-40a8-95eb-dc181e68aac1,0b4056db-11d5-4149-8328-dfd24fb8e342,google,cpc,promo_verao,2026-08-03T14:45:28.210677
f8ed6ff8-fa42-4c9a-bebd-fa4c252ea81b,0b4056db-11d5-4149-8328-dfd24fb8e342,google,cpc,promo_verao,2025-07-29T10:32:10.180527
449873a2-2903-4161-b3b1-c2e982bfe14a,0b4056db-11d5-4149-8328-dfd24fb8e342,google,cpc,promo_verao,2026-04-23T09:47:39.249882
758258ff-30a1-4555-9674-775d6507b1d2,0b4056db-11d5-4149-8328-dfd24fb8e342,google,cpc,promo_verao,2025-05-19T11:13:35.880275
46dc309f-8580-438e-938b-5ca0ac66d15f,0b4056db-11d5-4149-8328-dfd24fb8e342,google,cpc,promo_verao,2025-08-27T19:44:34.940100
1432f3f9-4202-412b-93e5-a45c39e6afa1,0b4056db-11d5-4149-8328-dfd24fb8e342,google,cpc,promo_verao,2025-11-03T14:25:06.706938
e705f8f1-fc73-4d9e-a231-327b986f1305,0b4056db-11d5-4149-8328-dfd24fb8e342,google,cpc,promo_verao,2026-07-12T19:26:05.670549
ce31db13-709e-4cdc-9a01-a134cfe4ae09,0b4056db-11d5-4149-8328-dfd24fb8e342,google,cpc,promo_verao,2025-10-30T17:39:41.765959
bac1c285-9ab4-4e7d-acd0-3d2d46a7e023,0b4056db-11d5-4149-8328-dfd24fb8e342,google,cpc,promo_verao,2026-01-27T12:42:04.986869
9156bf38-9956-4087-8db0-1bb30a167846,0b4056db-11d5-4149-8328-dfd24fb8e342,google,cpc,promo_verao,2026-05-02T16:38:02.508395
0b1a7219-65ed-43c9-8c4e-0e7992c520bd,0b4056db-11d5-4149-8328-dfd24fb8e342,google,cpc,promo_verao,2025-10-14T18:45:21.100047
643e5ae9-6349-4116-8ae6-e72a24ff75ba,0b4056db-11d5-4149-8328-dfd24fb8e342,google,cpc,promo_verao,2025-04-17T20:19:48.747589
ba58e9a1-b24c-4811-9c29-272d038d692e,0b4056db-11d5-4149-8328-dfd24fb8e342,google,cpc,promo_verao,2025-06-27T19:38:08.741658
c11aaf72-f7e8-42d7-aba2-fd5ab5ff3978,0b4056db-11d5-4149-8328-dfd24fb8e342,google,cpc,promo_verao,2025-12-05T20:41:59.917306
c85515c8-306a-4371-810a-74d289fb68be,0b4056db-11d5-4149-8328-dfd24fb8e342,google,cpc,promo_verao,2025-06-08T14:45:08.952601
81240b53-69b9-4eb5-a957-1c560f6d4c7f,0b4056db-11d5-4149-8328-dfd24fb8e342,google,cpc,promo_verao,2026-02-13T11:07:01.525891
5659817c-1837-4306-94c5-3ad7e64165ad,0b4056db-11d5-4149-8328-dfd24fb8e342,google,cpc,promo_verao,2026-06-02T18:04:32.873079
7588e25e-809b-4782-9fad-0a1fa6333ad7,0b4056db-11d5-4149-8328-dfd24fb8e342,google,cpc,promo_verao,2026-03-27T03:30:02.743767
c9d4f0bd-2782-4d8e-95c8-baa383d85618,0b4056db-11d5-4149-8328-dfd24fb8e342,google,cpc,promo_verao,2026-07-01T23:39:35.903480
01a3dd9e-027a-441a-b7cb-df3cab417dc0,0b4056db-11d5-4149-8328-dfd24fb8e342,google,cpc,promo_verao,2025-11-18T20:33:43.456135
0910969d-5f91-4faa-b82e-f4a605383739,0b4056db-11d5-4149-8328-dfd24fb8e342,google,cpc,promo_verao,2025-08-22T08:44:45.276202
5cbdf263-863f-429f-96bb-2eb441c3f768,0b4056db-11d5-4149-8328-dfd24fb8e342,google,cpc,promo_verao,2026-06-03T11:20:14.152635
3b0fff33-14a4-4e37-b0e9-02c707f81031,0b4056db-11d5-4149-8328-dfd24fb8e342,google,cpc,promo_verao,2026-06-20T07:14:00.582615
694e329c-f7d5-4a37-acc9-f9f1435e3c99,0b4056db-11d5-4149-8328-dfd24fb8e342,google,cpc,promo_verao,2025-12-10T15:14:10.337213
e8457794-e890-4193-9aa6-7686fdf4adcd,0b4056db-11d5-4149-8328-dfd24fb8e342,google,cpc,promo_verao,2026-05-02T20:39:49.291701
24ed0f21-e714-4e2a-99c5-f03c56a36ea2,0b4056db-11d5-4149-8328-dfd24fb8e342,google,cpc,promo_verao,2026-02-03T09:42:34.033111
f11a97dd-cbb3-40d3-a956-8b2161608734,0b4056db-11d5-4149-8328-dfd24fb8e342,google,cpc,promo_verao,2025-11-10T14:39:38.821167
14b01c38-4ed8-4c61-9b8f-61cc2f59774c,0b4056db-11d5-4149-8328-dfd24fb8e342,google,cpc,promo_verao,2026-04-04T23:57:03.849483
14296f0d-2315-40b7-9f30-11aca8f06ad7,0b4056db-11d5-4149-8328-dfd24fb8e342,google,cpc,promo_verao,2026-06-17T11:28:02.305696
37ea0f6c-0752-46ae-abe5-45d1dd241085,0b4056db-11d5-4149-8328-dfd24fb8e342,google,cpc,promo_verao,2025-06-16T14:19:58.842736
ba6bc14a-a242-4c5b-b1c6-ed7680000879,0b4056db-11d5-4149-8328-dfd24fb8e342,google,cpc,promo_verao,2025-04-12T23:40:41.482076
57c90909-196a-4bf7-9aab-915159f041b6,0b4056db-11d5-4149-8328-dfd24fb8e342,google,cpc,promo_verao,2025-08-25T07:55:04.999872
a1224654-e8da-4f28-8538-71c2d389356c,0b4056db-11d5-4149-8328-dfd24fb8e342,google,cpc,promo_verao,2026-08-05T11:27:48.944329
546afc2d-1ce5-4bfe-9438-2bb2144c2c47,0b4056db-11d5-4149-8328-dfd24fb8e342,google,cpc,promo_verao,2026-07-26T03:21:22.981856
00c73c17-d957-4cfe-b9ec-30ce21f70178,0b4056db-11d5-4149-8328-dfd24fb8e342,google,cpc,promo_verao,2025-10-26T17:32:31.530756
f1887392-43c7-4c1c-856e-80b2c5f8ed15,0b4056db-11d5-4149-8328-dfd24fb8e342,google,cpc,promo_verao,2025-07-22T11:39:11.074187
e9bed33c-4146-4b5a-aefa-74cfaae2a29a,0b4056db-11d5-4149-8328-dfd24fb8e342,google,cpc,promo_verao,2026-08-02T03:03:25.949683
8fdd3c3b-5c5f-4474-a53e-17a859ee113a,0b4056db-11d5-4149-8328-dfd24fb8e342,google,cpc,promo_verao,2025-12-03T13:02:20.293217
1206fc9e-151f-41cd-ab81-1f8d89ef7f50,0b4056db-11d5-4149-8328-dfd24fb8e342,google,cpc,promo_verao,2025-05-14T07:07:51.759823
934ddfd6-4177-4e05-879e-1ac78400e5ba,0b4056db-11d5-4149-8328-dfd24fb8e342,google,cpc,promo_verao,2025-10-12T19:08:40.740446
93e01857-28c8-41d6-93de-e6086743a8e9,0b4056db-11d5-4149-8328-dfd24fb8e342,google,cpc,promo_verao,2025-06-05T07:17:10.679190
73497970-bf4c-43ec-873b-07095cfc7a13,0b4056db-11d5-4149-8328-dfd24fb8e342,google,cpc,promo_verao,2025-11-09T05:30:18.429181
b94fc8da-8bb1-434c-b42a-32bfa6c2b98a,0b4056db-11d5-4149-8328-dfd24fb8e342,google,cpc,promo_verao,2025-05-06T01:01:23.117405
aff46869-4b81-4bce-be05-0331c4d5a0d3,0b4056db-11d5-4149-8328-dfd24fb8e342,google,cpc,promo_verao,2025-08-21T23:02:39.567553
bad63c3a-fc4a-46f6-8c11-7c24ee449f7a,0b4056db-11d5-4149-8328-dfd24fb8e342,google,cpc,promo_verao,2025-05-27T22:13:02.219254
9f1bf7f9-d145-4f2d-85fe-9904edec9539,0b4056db-11d5-4149-8328-dfd24fb8e342,google,cpc,promo_verao,2025-11-01T10:29:38.703741
5e5045d5-15f7-4dbc-a1e2-70f27e127a49,0b4056db-11d5-4149-8328-dfd24fb8e342,google,cpc,promo_verao,2025-04-01T22:13:38.012739
d6abe6de-001d-453c-a13b-dc7afe7177d1,0b4056db-11d5-4149-8328-dfd24fb8e342,google,cpc,promo_verao,2025-06-19T10:05:32.983543
44f084c2-91b8-461d-bf1d-24772b4b866c,0b4056db-11d5-4149-8328-dfd24fb8e342,google,cpc,promo_verao,2026-03-04T19:21:26.510823
7056f2d9-89f0-46e5-b1c5-6c1f380980d4,0b4056db-11d5-4149-8328-dfd24fb8e342,google,cpc,promo_verao,2026-02-23T22:15:05.089262
ece3dafc-51b6-470c-bf86-99168d94d61d,0b4056db-11d5-4149-8328-dfd24fb8e342,google,cpc,promo_verao,2026-06-30T14:59:58.936561
faa8de28-917d-410d-831d-e96b0bd8e367,0b4056db-11d5-4149-8328-dfd24fb8e342,google,cpc,promo_verao,2025-08-19T10:12:58.070289
76fc47fb-c061-4739-9192-cb7d4444fc98,0b4056db-11d5-4149-8328-dfd24fb8e342,google,cpc,promo_verao,2025-12-15T21:21:42.339069
984fcb27-cbd4-4353-8061-9458276dc950,0b4056db-11d5-4149-8328-dfd24fb8e342,google,cpc,promo_verao,2025-08-19T17:24:16.550834
6fce2651-3497-4a2f-a1fc-ac35772a9e45,0b4056db-11d5-4149-8328-dfd24fb8e342,google,cpc,promo_verao,2026-05-22T19:31:40.939638
53be2a1d-d760-4878-8b41-73cf0d1af5b3,0b4056db-11d5-4149-8328-dfd24fb8e342,google,cpc,promo_verao,2025-08-08T07:10:57.031034
fd03c697-af72-44e3-bd88-5ed6077df497,0b4056db-11d5-4149-8328-dfd24fb8e342,google,cpc,promo_verao,2026-04-22T04:56:29.421935
3cbdbad8-c16e-4d65-b1ea-e870236644c6,0b4056db-11d5-4149-8328-dfd24fb8e342,google,cpc,promo_verao,2026-07-05T20:58:16.992159
9e96f409-e107-407b-95c5-5e06063e5554,0b4056db-11d5-4149-8328-dfd24fb8e342,google,cpc,promo_verao,2025-04-16T15:49:42.605332
7febaeb4-9955-43ac-8d0d-a138fd2a052b,0b4056db-11d5-4149-8328-dfd24fb8e342,google,cpc,promo_verao,2026-04-26T03:20:22.072086
72314d72-817e-4fc0-b25a-c8487ce5be4a,0b4056db-11d5-4149-8328-dfd24fb8e342,google,cpc,promo_verao,2025-04-30T21:16:36.798728
5c6b2087-c783-40ce-a5f6-23decb9f8717,0b4056db-11d5-4149-8328-dfd24fb8e342,google,cpc,promo_verao,2026-06-17T11:06:58.112777
830b2729-63ea-430f-8629-7e10438d2ac8,0b4056db-11d5-4149-8328-dfd24fb8e342,google,cpc,promo_verao,2026-03-23T11:33:24.712964
7ae13769-3dbc-4e22-95e5-324a912c1821,0b4056db-11d5-4149-8328-dfd24fb8e342,google,cpc,promo_verao,2026-04-01T02:49:40.016820
e1a1b58d-18ab-4c96-9c38-b571b0f1b82b,0b4056db-11d5-4149-8328-dfd24fb8e342,google,cpc,promo_verao,2025-06-10T22:21:54.039606
e9ec5ead-1dcc-450f-b355-54a768cdada6,0b4056db-11d5-4149-8328-dfd24fb8e342,google,cpc,promo_verao,2025-12-30T10:58:36.780667
b84f123f-81ac-4c8e-ad79-f49fdb003675,0b4056db-11d5-4149-8328-dfd24fb8e342,google,cpc,promo_verao,2026-02-06T00:58:57.847451
b6acf65d-be15-4e8c-99f2-2b34363d76b3,0b4056db-11d5-4149-8328-dfd24fb8e342,google,cpc,promo_verao,2026-07-29T16:54:58.524930
38e517fe-a7ff-4cb2-a6a9-b5ad0448f8a8,0b4056db-11d5-4149-8328-dfd24fb8e342,google,cpc,promo_verao,2025-12-22T04:58:12.534937
9e212d30-85b0-44ed-a9c2-96dead971992,0b4056db-11d5-4149-8328-dfd24fb8e342,google,cpc,promo_verao,2025-05-14T00:47:01.960142
9d32a893-752a-4cd2-ae54-255fb79788c3,0b4056db-11d5-4149-8328-dfd24fb8e342,google,cpc,promo_verao,2026-01-06T15:34:03.122179
06a4c473-f650-49aa-913e-8647ed544fce,0b4056db-11d5-4149-8328-dfd24fb8e342,google,cpc,promo_verao,2025-05-09T06:41:02.978899
eeef7bac-459e-4b30-851b-0359cb6bf0e5,0b4056db-11d5-4149-8328-dfd24fb8e342,google,cpc,promo_verao,2025-05-14T09:09:24.450842
1baaad86-0cfd-4578-8e9a-4c951f1a0fb5,0b4056db-11d5-4149-8328-dfd24fb8e342,google,cpc,promo_verao,2025-12-11T15:28:52.273206
a50ba519-4a66-4772-b531-3e4680cb94bf,0b4056db-11d5-4149-8328-dfd24fb8e342,google,cpc,promo_verao,2026-05-23T14:42:26.794072
874e9dbc-07b4-451f-a581-fd9696d89b20,0b4056db-11d5-4149-8328-dfd24fb8e342,google,cpc,promo_verao,2026-05-14T10:01:49.251503
7c16250b-af06-41de-8ac1-95f1720c6304,0b4056db-11d5-4149-8328-dfd24fb8e342,google,cpc,promo_verao,2026-01-21T19:19:14.701706
00570153-9a9e-45f5-95d4-ed07b465cbb5,0b4056db-11d5-4149-8328-dfd24fb8e342,google,cpc,promo_verao,2026-02-28T12:34:58.976872
e0af3848-7f6b-4330-ab84-7bb54ae18629,0b4056db-11d5-4149-8328-dfd24fb8e342,google,cpc,promo_verao,2026-03-14T10:07:40.862368
ef999a0f-4207-4f36-bb21-40405d6821e8,0b4056db-11d5-4149-8328-dfd24fb8e342,google,cpc,promo_verao,2026-03-01T07:49:08.430342
bb3a615c-967a-4938-a5d8-036b82eafe21,0b4056db-11d5-4149-8328-dfd24fb8e342,google,cpc,promo_verao,2025-12-01T21:00:58.046631
a75719d7-35cf-4799-9a33-aefc83ddefd1,0b4056db-11d5-4149-8328-dfd24fb8e342,google,cpc,promo_verao,2026-07-20T10:19:04.751655
1bde93ee-fb90-4dc9-96af-03d1ec18991f,0b4056db-11d5-4149-8328-dfd24fb8e342,google,cpc,promo_verao,2025-06-27T02:44:54.110631
1f3d8697-bfc4-4b63-98d5-06f3c8259f82,0b4056db-11d5-4149-8328-dfd24fb8e342,google,cpc,promo_verao,2026-06-11T00:08:05.113665
68da424e-a064-463f-be8a-8dccef87f2a7,0b4056db-11d5-4149-8328-dfd24fb8e342,google,cpc,promo_verao,2026-08-18T10:25:50.530572
6b6a1cf4-6a81-4254-991b-6f5da1f06c8d,0b4056db-11d5-4149-8328-dfd24fb8e342,google,cpc,promo_verao,2025-04-18T12:45:25.331547
72616c47-d453-4bab-8a3d-27b148a6d09d,0b4056db-11d5-4149-8328-dfd24fb8e342,google,cpc,promo_verao,2026-03-11T18:25:05.055929
bf32b548-ab97-401c-9ff6-e8317808fd1c,0b4056db-11d5-4149-8328-dfd24fb8e342,google,cpc,promo_verao,2026-06-14T02:27:33.458394
1e50c873-08c0-44af-b23c-8600270587ce,0b4056db-11d5-4149-8328-dfd24fb8e342,google,cpc,promo_verao,2025-08-21T13:06:41.387032
355d6b67-4878-41d8-921e-e1b4ec4ebc86,0b4056db-11d5-4149-8328-dfd24fb8e342,google,cpc,promo_verao,2025-09-10T11:57:44.160384
d116b8f0-db8d-44f0-b3ec-513271e02780,0b4056db-11d5-4149-8328-dfd24fb8e342,google,cpc,promo_verao,2026-03-27T15:27:19.433606
5611a563-4faf-416d-abc1-13399a601994,0b4056db-11d5-4149-8328-dfd24fb8e342,google,cpc,promo_verao,2026-04-22T22:36:05.403848
ca789775-2a4d-4e68-8f6d-1cc39e137cda,0b4056db-11d5-4149-8328-dfd24fb8e342,google,cpc,promo_verao,2025-10-02T14:13:38.603886
fe1c6e42-6af8-438c-9d12-54f7ecfb1fe5,0b4056db-11d5-4149-8328-dfd24fb8e342,google,cpc,promo_verao,2025-04-23T14:57:31.209577
147a3e59-f23e-4853-a1f8-6e7cc9803bca,0b4056db-11d5-4149-8328-dfd24fb8e342,google,cpc,promo_verao,2025-10-14T18:25:00.543506
d87b8946-121a-4cce-8e13-58bf04546f46,0b4056db-11d5-4149-8328-dfd24fb8e342,google,cpc,promo_verao,2026-06-03T14:57:55.688482
9ed405f4-5fa3-49db-a3b9-61b29f09f74d,0b4056db-11d5-4149-8328-dfd24fb8e342,google,cpc,promo_verao,2026-01-11T13:49:45.588586
ed404064-e117-4f2e-93de-763c38bbc881,0b4056db-11d5-4149-8328-dfd24fb8e342,google,cpc,promo_verao,2026-01-09T18:15:06.364919
c3ae5351-6476-4fb1-bc66-0ec53c109d3f,0b4056db-11d5-4149-8328-dfd24fb8e342,google,cpc,promo_verao,2025-09-18T22:31:25.683424
8a2974cd-bc49-4813-985f-d03e516020ae,0b4056db-11d5-4149-8328-dfd24fb8e342,google,cpc,promo_verao,2026-03-06T11:50:51.908531
0fe30461-58e2-4ab1-8ce1-1511e8bf1595,0b4056db-11d5-4149-8328-dfd24fb8e342,google,cpc,promo_verao,2026-08-19T08:38:35.069248
97f7d697-1caa-4e03-b3df-b54651212917,0b4056db-11d5-4149-8328-dfd24fb8e342,google,cpc,promo_verao,2025-09-16T19:46:11.909239
80ab6380-5c00-4e41-b49c-5d340d8de4a3,0b4056db-11d5-4149-8328-dfd24fb8e342,google,cpc,promo_verao,2026-05-18T19:40:21.641190
b0088789-4232-4e00-9de6-56efcf62b32f,0b4056db-11d5-4149-8328-dfd24fb8e342,google,cpc,promo_verao,2026-06-03T08:21:32.900911
9f3c22e6-8a38-4030-90dc-85973ed7456c,0b4056db-11d5-4149-8328-dfd24fb8e342,google,cpc,promo_verao,2025-12-21T18:35:23.448350
75b493e1-0716-4b39-82bb-8e0ed075efe6,0b4056db-11d5-4149-8328-dfd24fb8e342,google,cpc,promo_verao,2025-06-13T09:26:59.207308
3b09be38-1493-4ef1-9693-d63443de284d,0b4056db-11d5-4149-8328-dfd24fb8e342,google,cpc,promo_verao,2025-11-28T09:05:23.729951
0446c640-57f3-455c-8911-45a22890ee77,0b4056db-11d5-4149-8328-dfd24fb8e342,google,cpc,promo_verao,2026-06-03T17:22:17.749132
8c97ab21-d005-46aa-a4f3-a20a22021afe,0b4056db-11d5-4149-8328-dfd24fb8e342,google,cpc,promo_verao,2025-09-13T04:01:03.831853
b9e12fab-6869-49a1-9c96-f74c3ad40753,0b4056db-11d5-4149-8328-dfd24fb8e342,google,cpc,promo_verao,2026-05-20T00:58:11.997953
676a1200-cf23-4bf1-ab3e-a511f866f688,0b4056db-11d5-4149-8328-dfd24fb8e342,google,cpc,promo_verao,2025-10-28T10:56:14.538219
fe4a8c9e-290a-49fb-a6cb-a10fbcfe2aec,0b4056db-11d5-4149-8328-dfd24fb8e342,google,cpc,promo_verao,2026-03-10T16:15:37.472219
20a45c3b-2d5b-4b63-9278-f85edb389e35,0b4056db-11d5-4149-8328-dfd24fb8e342,google,cpc,promo_verao,2025-11-24T03:10:03.002420
f555d9b3-9e77-4863-83a7-216729392cc3,0b4056db-11d5-4149-8328-dfd24fb8e342,google,cpc,promo_verao,2025-04-11T19:42:23.971120
9e61eb04-419c-4e5f-b092-94852e1eab54,0b4056db-11d5-4149-8328-dfd24fb8e342,google,cpc,promo_verao,2025-06-23T10:09:26.862322
c7f60c7a-0142-41e0-8753-86cd89496177,0b4056db-11d5-4149-8328-dfd24fb8e342,google,cpc,promo_verao,2025-08-31T13:46:46.606825
282448a3-a4ce-4d33-990a-aa04b2ccbd7b,0b4056db-11d5-4149-8328-dfd24fb8e342,google,cpc,promo_verao,2026-01-05T07:23:20.926010
ebad174b-2fcf-4877-b246-63837f0a858d,0b4056db-11d5-4149-8328-dfd24fb8e342,google,cpc,promo_verao,2025-09-22T15:03:13.677907
ee91d085-b976-4e3b-96bd-bc5a7259039d,0b4056db-11d5-4149-8328-dfd24fb8e342,google,cpc,promo_verao,2025-07-16T12:50:14.539389
e272cd66-339a-462e-a203-214dbef227e6,0b4056db-11d5-4149-8328-dfd24fb8e342,google,cpc,promo_verao,2025-10-04T17:01:41.230043
cf86ca88-0293-40b4-82a6-857b13f65a6d,0b4056db-11d5-4149-8328-dfd24fb8e342,google,cpc,promo_verao,2026-06-14T02:14:53.123770
578bc406-5d71-4135-90a1-a482dd0b57a2,0b4056db-11d5-4149-8328-dfd24fb8e342,google,cpc,promo_verao,2025-07-11T21:43:15.603475
df7170e3-6c48-4750-b37a-909df018cc8d,0b4056db-11d5-4149-8328-dfd24fb8e342,google,cpc,promo_verao,2025-06-24T02:34:41.571431
82ba13e3-ca0c-4c55-a54d-f9aae6950a94,0b4056db-11d5-4149-8328-dfd24fb8e342,google,cpc,promo_verao,2025-08-17T15:55:26.907449
4d27047e-833b-4a82-b3d0-226677563a63,0b4056db-11d5-4149-8328-dfd24fb8e342,google,cpc,promo_verao,2026-07-14T21:06:52.768054
093c7d47-87d5-4921-9de2-62f5a1eb8e2b,0b4056db-11d5-4149-8328-dfd24fb8e342,google,cpc,promo_verao,2025-04-12T15:52:50.515046
92f577e2-3fe2-4a2b-87c6-d8efba35a602,0b4056db-11d5-4149-8328-dfd24fb8e342,google,cpc,promo_verao,2025-04-14T14:24:29.768148
2eb4a90a-9e7f-482b-81c6-a7e5fff0d8fa,0b4056db-11d5-4149-8328-dfd24fb8e342,google,cpc,promo_verao,2026-02-03T17:00:15.221515
4e6da8c7-cf7f-41ba-b9d4-e8d798bbfd23,0b4056db-11d5-4149-8328-dfd24fb8e342,google,cpc,promo_verao,2025-08-14T19:34:48.713420
4eb0f8f6-1bb2-4e8b-9589-1f7293afbeb0,0b4056db-11d5-4149-8328-dfd24fb8e342,google,cpc,promo_verao,2025-11-12T14:42:04.328093
6f7f0331-302b-4cba-84e5-8dc548bc86c8,0b4056db-11d5-4149-8328-dfd24fb8e342,google,cpc,promo_verao,2025-08-26T16:21:11.333150
9e3098c9-6598-4608-a248-3c4fc4b968f7,0b4056db-11d5-4149-8328-dfd24fb8e342,google,cpc,promo_verao,2025-09-09T04:06:37.343592
4b8a9ad7-c510-4ed6-a90a-ad60941c1272,0b4056db-11d5-4149-8328-dfd24fb8e342,google,cpc,promo_verao,2025-04-17T23:26:55.739604
c5d06eb0-ede4-4fb8-9d65-e146ad225688,0b4056db-11d5-4149-8328-dfd24fb8e342,google,cpc,promo_verao,2026-01-28T15:38:47.058350
91170535-0302-43d5-bda2-cdffc97622d5,0b4056db-11d5-4149-8328-dfd24fb8e342,google,cpc,promo_verao,2026-03-05T12:12:22.076421
ba82c9d6-a93d-4bba-b58f-4fd4559c53b8,0b4056db-11d5-4149-8328-dfd24fb8e342,google,cpc,promo_verao,2025-10-06T21:21:41.914977
bc0e0369-e5a3-482e-9e33-e1b9afe177fd,0b4056db-11d5-4149-8328-dfd24fb8e342,google,cpc,promo_verao,2026-08-21T03:09:00.750474
8fdad854-40cc-4a07-8b87-8704b9479d85,0b4056db-11d5-4149-8328-dfd24fb8e342,google,cpc,promo_verao,2025-04-07T00:11:08.659511
fe00da12-aecc-4779-8b3a-88e661fcaacd,0b4056db-11d5-4149-8328-dfd24fb8e342,google,cpc,promo_verao,2025-05-13T10:04:22.790596
5bb68eb5-9abf-465d-bb02-b479415ec292,0b4056db-11d5-4149-8328-dfd24fb8e342,google,cpc,promo_verao,2025-08-01T10:50:04.988880
743d743d-72e9-43be-b1f4-ba733ff34e56,0b4056db-11d5-4149-8328-dfd24fb8e342,google,cpc,promo_verao,2025-08-17T16:27:46.734586
a77c03d2-2475-4608-bfd6-b886c4d9a340,0b4056db-11d5-4149-8328-dfd24fb8e342,google,cpc,promo_verao,2025-09-21T04:56:18.346292
10b2d995-27d1-4953-8c71-8c62ef3b5ea2,0b4056db-11d5-4149-8328-dfd24fb8e342,google,cpc,promo_verao,2025-10-21T02:47:34.009391
489141cb-52a0-45f1-90bb-82974801952b,0b4056db-11d5-4149-8328-dfd24fb8e342,google,cpc,promo_verao,2025-12-28T07:00:19.706615
48d51229-59bd-476c-9730-b9ac52c18c13,0b4056db-11d5-4149-8328-dfd24fb8e342,google,cpc,promo_verao,2025-12-17T01:52:18.903995
a2825f32-2c6d-43cf-9b52-44223baa9aad,0b4056db-11d5-4149-8328-dfd24fb8e342,google,cpc,promo_verao,2025-05-10T07:11:49.947205
3eaacf72-7e07-44b9-9fc6-2a1e84b4c2d6,0b4056db-11d5-4149-8328-dfd24fb8e342,google,cpc,promo_verao,2025-07-16T14:05:29.585231
e2e53d34-39d5-4e53-91d6-6a4385f127f1,0b4056db-11d5-4149-8328-dfd24fb8e342,google,cpc,promo_verao,2025-08-23T10:10:14.924408
7164c218-387e-4a1d-9b13-2740422b01b9,0b4056db-11d5-4149-8328-dfd24fb8e342,google,cpc,promo_verao,2025-06-03T01:08:07.005872
ed1a7573-ed64-4568-90c6-c667e4538344,0b4056db-11d5-4149-8328-dfd24fb8e342,google,cpc,promo_verao,2026-05-09T20:24:52.193260
5883b5a0-9411-4313-8c95-140d90519703,0b4056db-11d5-4149-8328-dfd24fb8e342,google,cpc,promo_verao,2026-07-15T11:01:02.096479
60783955-fb74-4049-afc4-b55f9b877d62,0b4056db-11d5-4149-8328-dfd24fb8e342,google,cpc,promo_verao,2025-06-23T10:58:18.455883
b656d2e1-be33-47a0-93c0-85ac88ab2f82,0b4056db-11d5-4149-8328-dfd24fb8e342,google,cpc,promo_verao,2025-10-24T01:33:21.602160
fa931bba-b4a1-44f0-a1d9-f0788009238e,0b4056db-11d5-4149-8328-dfd24fb8e342,google,cpc,promo_verao,2025-03-31T21:46:59.933476
e089bacb-f726-420e-8796-32fd68e88e86,0b4056db-11d5-4149-8328-dfd24fb8e342,google,cpc,promo_verao,2026-01-23T22:29:00.451980
3107f12a-f316-4888-9d29-c4737b1a0549,0b4056db-11d5-4149-8328-dfd24fb8e342,google,cpc,promo_verao,2026-03-01T11:05:46.561360
51958a58-8020-4147-9284-85febf321bc1,0b4056db-11d5-4149-8328-dfd24fb8e342,google,cpc,promo_verao,2026-07-16T02:39:21.524005
8921a886-8f95-450f-9e14-b1dd733feea8,0b4056db-11d5-4149-8328-dfd24fb8e342,google,cpc,promo_verao,2025-07-26T06:22:20.951119
ba2a71da-6ed3-4f7b-a71d-b85055d54682,0b4056db-11d5-4149-8328-dfd24fb8e342,google,cpc,promo_verao,2025-04-23T08:32:08.042659
ea0d37a3-d3ae-4809-9bec-8a92431744cd,0b4056db-11d5-4149-8328-dfd24fb8e342,google,cpc,promo_verao,2025-12-09T10:14:34.821098
4de2e62d-48b1-417d-928e-b90f279de1a5,0b4056db-11d5-4149-8328-dfd24fb8e342,google,cpc,promo_verao,2026-04-16T11:00:07.977813
7513859b-d22d-45de-bd7f-5ed3f520e15a,0b4056db-11d5-4149-8328-dfd24fb8e342,google,cpc,promo_verao,2025-04-24T17:52:50.833815
309ef383-9cd7-48fb-951d-3b2813e069d7,0b4056db-11d5-4149-8328-dfd24fb8e342,google,cpc,promo_verao,2026-08-04T09:07:50.737008
8071a7f8-a285-4132-bb1c-faf515fc818e,0b4056db-11d5-4149-8328-dfd24fb8e342,google,cpc,promo_verao,2026-08-08T19:15:55.384612
12cf19fb-c4cb-4f52-b948-e2ad981ec16e,0b4056db-11d5-4149-8328-dfd24fb8e342,google,cpc,promo_verao,2026-07-19T21:25:35.424598
47e7c0a8-1581-4bab-8e5e-3f63403ba384,0b4056db-11d5-4149-8328-dfd24fb8e342,google,cpc,promo_verao,2026-04-11T09:14:42.850790
d072d9f4-374f-4fef-b64e-be73fa37150e,0b4056db-11d5-4149-8328-dfd24fb8e342,google,cpc,promo_verao,2025-07-03T22:53:36.396661
f963b92c-6877-4d9f-84fa-871c033b4286,0b4056db-11d5-4149-8328-dfd24fb8e342,google,cpc,promo_verao,2025-11-12T07:44:04.496552
1a2bf863-47e3-4bf0-8c7e-fbc890877821,0b4056db-11d5-4149-8328-dfd24fb8e342,google,cpc,promo_verao,2026-07-05T17:03:39.170876
d7d8422f-70e7-45a5-be7d-f90196b27dcd,0b4056db-11d5-4149-8328-dfd24fb8e342,google,cpc,promo_verao,2026-07-18T00:10:14.899966
44096446-cae1-48b8-8682-c132d4a0ab5b,0b4056db-11d5-4149-8328-dfd24fb8e342,google,cpc,promo_verao,2026-03-25T04:06:19.849598
0eac7d84-e324-4918-baa4-f2abfe2ef100,0b4056db-11d5-4149-8328-dfd24fb8e342,google,cpc,promo_verao,2026-02-26T21:09:38.527609
ba0c5dac-6b7d-4418-ba5f-4dc12f1b172c,0b4056db-11d5-4149-8328-dfd24fb8e342,google,cpc,promo_verao,2026-02-26T12:06:40.803890
aaa5fccd-c950-4cc0-be28-fc6362049426,0b4056db-11d5-4149-8328-dfd24fb8e342,google,cpc,promo_verao,2026-05-08T07:01:30.733730
653f4544-318a-4c55-816c-af61860d9448,0b4056db-11d5-4149-8328-dfd24fb8e342,google,cpc,promo_verao,2026-03-11T07:32:29.151688
4bb9f7f5-4195-4b47-bca8-b94ec980b419,0b4056db-11d5-4149-8328-dfd24fb8e342,google,cpc,promo_verao,2025-04-08T03:32:49.768434
d6247f19-adc1-4b8f-a48f-2ce774cc6a29,0b4056db-11d5-4149-8328-dfd24fb8e342,google,cpc,promo_verao,2026-04-14T22:54:39.189792
1e00c6de-dfdd-4731-a746-6c4a01f8cbcb,0b4056db-11d5-4149-8328-dfd24fb8e342,google,cpc,promo_verao,2025-08-23T14:18:06.007358
bce12d75-7c20-45c9-9c2a-675540051067,0b4056db-11d5-4149-8328-dfd24fb8e342,google,cpc,promo_verao,2026-01-15T02:24:49.334009
81c59acf-e6c0-410e-a73d-0b216461ad2f,0b4056db-11d5-4149-8328-dfd24fb8e342,google,cpc,promo_verao,2026-02-01T22:04:49.007658
652d15c9-ca97-44d2-ac79-d0b98ffbfb80,0b4056db-11d5-4149-8328-dfd24fb8e342,google,cpc,promo_verao,2025-11-14T01:22:42.531117
0a8880f4-2cf2-43a2-ac89-34609fae0f65,0b4056db-11d5-4149-8328-dfd24fb8e342,google,cpc,promo_verao,2025-05-04T10:41:06.447608
98e8c9df-9dc3-43b2-b048-a7be18127ccb,0b4056db-11d5-4149-8328-dfd24fb8e342,google,cpc,promo_verao,2026-03-20T13:51:46.309187
b7baeade-e988-46a6-a9b0-77573ef96851,0b4056db-11d5-4149-8328-dfd24fb8e342,google,cpc,promo_verao,2025-04-28T07:10:13.541393
c79623d9-ed3d-4d45-a299-85e14f969e10,0b4056db-11d5-4149-8328-dfd24fb8e342,google,cpc,promo_verao,2025-08-19T17:33:10.008108
51986b71-4e10-4987-8bd9-f466ab69927d,0b4056db-11d5-4149-8328-dfd24fb8e342,google,cpc,promo_verao,2025-06-03T20:48:10.921917
31d57d1b-c69b-482f-a9ad-0c21f1ad0ce5,0b4056db-11d5-4149-8328-dfd24fb8e342,google,cpc,promo_verao,2026-07-12T01:13:21.328849
a90698e4-60b9-4a08-ac67-6f2d17b2ebf0,0b4056db-11d5-4149-8328-dfd24fb8e342,google,cpc,promo_verao,2026-04-03T07:12:40.228707
8cae1003-7906-4269-8ad3-b8cd2bd3d5f0,0b4056db-11d5-4149-8328-dfd24fb8e342,google,cpc,promo_verao,2025-10-22T00:42:10.995201
137b7851-e54a-4670-a627-66519f84d5dc,0b4056db-11d5-4149-8328-dfd24fb8e342,google,cpc,promo_verao,2025-07-11T17:32:11.278052
2de84ad6-3c9f-47b3-abad-10c0f2a62cb6,0b4056db-11d5-4149-8328-dfd24fb8e342,google,cpc,promo_verao,2025-09-30T22:13:17.835010
d01b39a7-66bc-4503-a06a-681899987354,0b4056db-11d5-4149-8328-dfd24fb8e342,google,cpc,promo_verao,2026-05-26T07:44:30.633950
8cc0a5a4-b948-48dc-9119-2b28ad3a2768,0b4056db-11d5-4149-8328-dfd24fb8e342,google,cpc,promo_verao,2026-08-14T21:20:38.468761
aaaea5bf-8225-479e-947f-acc226ddb24d,0b4056db-11d5-4149-8328-dfd24fb8e342,google,cpc,promo_verao,2026-01-14T22:13:57.314877
ab6e9285-2d93-43bf-ad4b-a50499686835,0b4056db-11d5-4149-8328-dfd24fb8e342,google,cpc,promo_verao,2026-02-01T20:10:09.861090
f712e979-9982-4c14-ad69-fa6c07a6f236,0b4056db-11d5-4149-8328-dfd24fb8e342,google,cpc,promo_verao,2025-08-09T15:08:11.535096
30bfdb50-6d85-4569-b7b9-522b617f006f,0b4056db-11d5-4149-8328-dfd24fb8e342,google,cpc,promo_verao,2025-12-29T18:07:24.685788
2b891a74-2035-4c77-b2b8-5890afa812ad,0b4056db-11d5-4149-8328-dfd24fb8e342,google,cpc,promo_verao,2025-11-28T14:06:58.989247
ce449503-de34-410d-b6a0-5dbf83d7370b,0b4056db-11d5-4149-8328-dfd24fb8e342,google,cpc,promo_verao,2026-05-02T08:41:21.884604
5146594e-799d-41b9-8770-2fc87c6fcd9f,0b4056db-11d5-4149-8328-dfd24fb8e342,google,cpc,promo_verao,2026-02-27T03:03:12.217890
1f78768f-ee16-4875-aaaf-76c6a1abce15,0b4056db-11d5-4149-8328-dfd24fb8e342,google,cpc,promo_verao,2026-05-19T08:55:21.231021
ac5bb3a3-9ca8-4042-b380-3c621d352c9b,0b4056db-11d5-4149-8328-dfd24fb8e342,google,cpc,promo_verao,2026-06-03T01:19:27.029226
fe466d5e-4ea6-456d-b472-76c367478b69,0b4056db-11d5-4149-8328-dfd24fb8e342,google,cpc,promo_verao,2026-07-12T15:45:49.302581
34dc090c-5c61-4b72-bd1d-3d207a747e85,0b4056db-11d5-4149-8328-dfd24fb8e342,google,cpc,promo_verao,2026-04-15T08:08:07.614713
ad96b374-175c-4017-8f89-efba77d6fa9e,0b4056db-11d5-4149-8328-dfd24fb8e342,google,cpc,promo_verao,2025-07-13T08:04:32.670293
2443a92b-1a98-40c7-a1b7-1b08c7c2285d,0b4056db-11d5-4149-8328-dfd24fb8e342,google,cpc,promo_verao,2026-05-28T13:05:13.841494
6fcdc969-459c-4faf-9d80-a59e469d671a,0b4056db-11d5-4149-8328-dfd24fb8e342,google,cpc,promo_verao,2025-08-23T14:09:51.385916
91a6e7b9-9e76-4055-b020-7a32ed42696d,0b4056db-11d5-4149-8328-dfd24fb8e342,google,cpc,promo_verao,2026-03-06T08:13:24.956394
01aa2923-9e7f-42bc-9c4f-72495302e888,0b4056db-11d5-4149-8328-dfd24fb8e342,google,cpc,promo_verao,2025-06-28T00:54:09.151334
96c27e59-2d78-478a-8b2e-536ea6b87e06,0b4056db-11d5-4149-8328-dfd24fb8e342,google,cpc,promo_verao,2026-01-25T18:10:00.882463
11ee425e-541a-4b77-b6a2-e09facb8d285,0b4056db-11d5-4149-8328-dfd24fb8e342,google,cpc,promo_verao,2026-06-13T15:51:49.270718
25551429-42b4-435b-840d-005af711bfea,0b4056db-11d5-4149-8328-dfd24fb8e342,google,cpc,promo_verao,2025-04-02T06:09:23.301901
b8f7f5de-75f5-4a78-9519-09d7c8ff9cd1,0b4056db-11d5-4149-8328-dfd24fb8e342,google,cpc,promo_verao,2025-11-29T07:01:46.386457
5ee1a35f-c7c8-4d01-88fe-eafdc0719436,0b4056db-11d5-4149-8328-dfd24fb8e342,google,cpc,promo_verao,2025-05-21T13:29:04.292700
64c99ca1-2baa-41ee-8a84-e864d041d6c9,0b4056db-11d5-4149-8328-dfd24fb8e342,google,cpc,promo_verao,2025-09-27T01:11:11.116985
22fec554-a3ce-429c-8df4-26c4a46040f2,d5b0054e-3c80-4f04-8938-2fbbcbd4ce25,google,cpc,lancamento_produto,2025-10-18T03:08:58.843776
e48c7e84-0b6b-4062-a15b-ad3c2a60d5b8,d5b0054e-3c80-4f04-8938-2fbbcbd4ce25,google,cpc,lancamento_produto,2025-06-24T00:21:40.984495
65caf942-24d4-457a-9d57-86e524eec2ce,d5b0054e-3c80-4f04-8938-2fbbcbd4ce25,google,cpc,lancamento_produto,2026-02-27T13:20:26.135103
f9fc4e04-37ec-4015-b508-e2b59724e744,d5b0054e-3c80-4f04-8938-2fbbcbd4ce25,google,cpc,lancamento_produto,2026-02-01T14:39:50.787541
9bcd6f16-05ea-471f-898b-e90ec1d07a01,d5b0054e-3c80-4f04-8938-2fbbcbd4ce25,google,cpc,lancamento_produto,2025-07-20T10:02:40.302281
d01e1892-7997-44e1-9156-06fa172af309,d5b0054e-3c80-4f04-8938-2fbbcbd4ce25,google,cpc,lancamento_produto,2026-03-13T16:03:55.747627
ed9e89d5-9659-45b1-96bb-32ee4168d359,d5b0054e-3c80-4f04-8938-2fbbcbd4ce25,google,cpc,lancamento_produto,2025-11-07T01:08:24.155251
d91cce3a-1b74-4a1a-9e11-7fd297430a48,d5b0054e-3c80-4f04-8938-2fbbcbd4ce25,google,cpc,lancamento_produto,2026-04-14T04:16:37.214163
6b2c08ee-f7d1-492c-a63d-a3ca7e09f490,d5b0054e-3c80-4f04-8938-2fbbcbd4ce25,google,cpc,lancamento_produto,2026-03-31T04:31:00.125504
107c421a-73b9-457b-bda6-28118cbb3336,d5b0054e-3c80-4f04-8938-2fbbcbd4ce25,google,cpc,lancamento_produto,2025-10-11T11:51:10.553355
803d7ca7-3d30-4d75-9a03-7f81d66fe625,d5b0054e-3c80-4f04-8938-2fbbcbd4ce25,google,cpc,lancamento_produto,2025-08-26T04:16:23.046083
dd2c822e-4a82-4afc-8354-5e356e85c2ce,d5b0054e-3c80-4f04-8938-2fbbcbd4ce25,google,cpc,lancamento_produto,2026-07-11T23:35:24.195289
f5b3a04b-f064-4e83-ad37-7eb23ab49253,d5b0054e-3c80-4f04-8938-2fbbcbd4ce25,google,cpc,lancamento_produto,2026-05-12T22:13:38.750013
5f59ffdc-4cc9-4ae6-8544-f3e09053c653,d5b0054e-3c80-4f04-8938-2fbbcbd4ce25,google,cpc,lancamento_produto,2025-12-06T00:08:33.017208
252bfbf1-f0c6-4c7c-8a35-ce53b6d78878,d5b0054e-3c80-4f04-8938-2fbbcbd4ce25,google,cpc,lancamento_produto,2025-06-03T23:20:17.137412
e97c28a9-caa2-421d-97cb-6c9127a7c004,d5b0054e-3c80-4f04-8938-2fbbcbd4ce25,google,cpc,lancamento_produto,2026-07-20T01:03:03.819870
0fe1a56d-fbb2-4e25-80ea-4858f3d7ccc5,d5b0054e-3c80-4f04-8938-2fbbcbd4ce25,google,cpc,lancamento_produto,2025-07-12T22:21:42.622671
cdf636e2-68aa-4a9f-82a4-c892df7e65e2,d5b0054e-3c80-4f04-8938-2fbbcbd4ce25,google,cpc,lancamento_produto,2026-03-04T08:09:09.790041
a36c5d31-248e-4e6e-b053-5a4528cec345,d5b0054e-3c80-4f04-8938-2fbbcbd4ce25,google,cpc,lancamento_produto,2025-08-18T22:10:04.265018
05912c0e-c1a3-4a76-9b86-528eca1cc2ca,d5b0054e-3c80-4f04-8938-2fbbcbd4ce25,google,cpc,lancamento_produto,2026-03-04T22:56:47.622316
b1122067-8182-486d-88d3-fd7605701505,d5b0054e-3c80-4f04-8938-2fbbcbd4ce25,google,cpc,lancamento_produto,2026-03-15T13:22:21.280335
7caa9abe-65c3-4ab9-b37c-766870cfbf86,d5b0054e-3c80-4f04-8938-2fbbcbd4ce25,google,cpc,lancamento_produto,2026-07-30T02:00:03.686555
5254910e-684a-4c75-a1f1-06dd702a7a04,d5b0054e-3c80-4f04-8938-2fbbcbd4ce25,google,cpc,lancamento_produto,2026-07-16T23:19:17.734104
5a72f458-3389-4cbf-bb5e-6a46d05e1fd7,d5b0054e-3c80-4f04-8938-2fbbcbd4ce25,google,cpc,lancamento_produto,2025-06-01T00:43:41.695918
b69cee84-09f7-4c5d-ac4a-d61f108c3560,d5b0054e-3c80-4f04-8938-2fbbcbd4ce25,google,cpc,lancamento_produto,2026-08-10T13:52:38.189647
c12e7ffd-7334-4348-8c91-7f3989e957b5,d5b0054e-3c80-4f04-8938-2fbbcbd4ce25,google,cpc,lancamento_produto,2026-01-30T09:56:13.185208
2e690ce0-96c6-4cba-9834-9d238ba697bd,d5b0054e-3c80-4f04-8938-2fbbcbd4ce25,google,cpc,lancamento_produto,2025-11-12T04:43:30.501082
197ef8ff-54ef-45bd-83c7-681137ad13c8,d5b0054e-3c80-4f04-8938-2fbbcbd4ce25,google,cpc,lancamento_produto,2026-05-01T18:17:07.027014
1654462d-0aa0-4c4e-8b9f-42c6eea2fdb4,d5b0054e-3c80-4f04-8938-2fbbcbd4ce25,google,cpc,lancamento_produto,2026-06-29T21:32:48.757397
9aa7b54c-8c3b-435f-8acd-0744b01ad837,d5b0054e-3c80-4f04-8938-2fbbcbd4ce25,google,cpc,lancamento_produto,2026-04-23T11:34:22.457300
d2733bf3-281e-4c28-965f-54bd3200f2d1,d5b0054e-3c80-4f04-8938-2fbbcbd4ce25,google,cpc,lancamento_produto,2026-07-20T13:40:22.737946
f8975189-c1d8-439a-b3ca-a985114d53bd,d5b0054e-3c80-4f04-8938-2fbbcbd4ce25,google,cpc,lancamento_produto,2025-04-15T15:40:52.946898
568b0cc7-731b-4172-8dc6-ff0f8457b1a7,d5b0054e-3c80-4f04-8938-2fbbcbd4ce25,google,cpc,lancamento_produto,2025-11-06T08:32:35.952055
f6b79bf7-b34a-40d1-9f5a-ec612c44f189,d5b0054e-3c80-4f04-8938-2fbbcbd4ce25,google,cpc,lancamento_produto,2026-03-04T08:29:11.951849
545efd1d-6d4d-407c-925c-a96695b5ebc5,d5b0054e-3c80-4f04-8938-2fbbcbd4ce25,google,cpc,lancamento_produto,2026-03-11T04:21:30.384520
4ab9d3bd-25e3-431b-abbc-b5cce54b29ce,d5b0054e-3c80-4f04-8938-2fbbcbd4ce25,google,cpc,lancamento_produto,2026-03-08T12:06:20.034392
aaa4f9ed-b55d-491d-881a-fb775c1231d6,d5b0054e-3c80-4f04-8938-2fbbcbd4ce25,google,cpc,lancamento_produto,2025-06-15T16:01:21.743469
8e823cc6-d381-4b0d-a5c8-a45497b9e5f8,d5b0054e-3c80-4f04-8938-2fbbcbd4ce25,google,cpc,lancamento_produto,2025-11-10T04:36:41.291063
69474f6b-644d-47fd-b895-b2518d740b6e,d5b0054e-3c80-4f04-8938-2fbbcbd4ce25,google,cpc,lancamento_produto,2026-02-23T12:23:12.074650
bf08dc1a-87c8-4314-8030-e617dd87280d,d5b0054e-3c80-4f04-8938-2fbbcbd4ce25,google,cpc,lancamento_produto,2025-08-13T01:38:43.458037
2fcaa0bc-7f70-4912-8fc3-c31072c55afe,d5b0054e-3c80-4f04-8938-2fbbcbd4ce25,google,cpc,lancamento_produto,2025-03-30T14:33:50.903655
170b1d27-bb65-4332-b0d7-8a51f2ba19db,d5b0054e-3c80-4f04-8938-2fbbcbd4ce25,google,cpc,lancamento_produto,2026-08-10T17:11:58.850194
726ebda5-e4d8-4fb7-93b9-998172860957,d5b0054e-3c80-4f04-8938-2fbbcbd4ce25,google,cpc,lancamento_produto,2026-06-25T02:55:23.934430
e7e0309d-6122-4a18-abdd-25487b3e91c9,d5b0054e-3c80-4f04-8938-2fbbcbd4ce25,google,cpc,lancamento_produto,2026-02-26T21:43:06.620634
78a6a83b-678a-4380-99f9-5a709c2767fa,d5b0054e-3c80-4f04-8938-2fbbcbd4ce25,google,cpc,lancamento_produto,2026-05-01T16:27:23.141638
1552b334-1559-4e85-995b-20ba01947415,d5b0054e-3c80-4f04-8938-2fbbcbd4ce25,google,cpc,lancamento_produto,2025-06-25T11:20:52.955941
21788985-b290-41c6-bc8a-57be58e918c0,d5b0054e-3c80-4f04-8938-2fbbcbd4ce25,google,cpc,lancamento_produto,2026-05-25T19:53:43.035927
5794431d-5f24-41b0-b88d-037cdb01d70e,d5b0054e-3c80-4f04-8938-2fbbcbd4ce25,google,cpc,lancamento_produto,2026-03-06T11:00:16.365107
1df676ff-4231-42ca-9d8a-0f8a276b0a8e,d5b0054e-3c80-4f04-8938-2fbbcbd4ce25,google,cpc,lancamento_produto,2026-06-22T21:46:32.768869
6a709ed5-44bb-41e6-ba9c-ab3236f22d05,d5b0054e-3c80-4f04-8938-2fbbcbd4ce25,google,cpc,lancamento_produto,2025-07-15T14:08:54.636621
b2946dae-045e-4ddf-b352-f060f9183393,d5b0054e-3c80-4f04-8938-2fbbcbd4ce25,google,cpc,lancamento_produto,2025-06-20T14:29:33.383004
7ab6a6b8-d148-49d6-b678-a1b2a10321b4,d5b0054e-3c80-4f04-8938-2fbbcbd4ce25,google,cpc,lancamento_produto,2025-07-03T11:06:54.547156
5054e90f-8d3c-4998-83ed-62feb0125714,d5b0054e-3c80-4f04-8938-2fbbcbd4ce25,google,cpc,lancamento_produto,2026-08-06T19:31:21.628830
6bcfe66a-a6e2-4b1f-b208-05e1ab891a10,d5b0054e-3c80-4f04-8938-2fbbcbd4ce25,google,cpc,lancamento_produto,2025-06-03T04:54:54.962360
05f1f1ca-1796-4963-8059-ec2b93ce955c,d5b0054e-3c80-4f04-8938-2fbbcbd4ce25,google,cpc,lancamento_produto,2026-04-27T13:10:29.353168
f87aff03-2212-42fd-aca2-9ac39c244a53,d5b0054e-3c80-4f04-8938-2fbbcbd4ce25,google,cpc,lancamento_produto,2025-07-07T22:06:05.438147
2974e734-d603-4bec-8e8e-9d83f8a95f43,d5b0054e-3c80-4f04-8938-2fbbcbd4ce25,google,cpc,lancamento_produto,2026-06-23T10:19:00.415766
6e3ce6ab-2c0c-4d6a-97e8-7177d5975515,d5b0054e-3c80-4f04-8938-2fbbcbd4ce25,google,cpc,lancamento_produto,2026-07-05T17:57:54.131743
b27fce9a-215e-4823-a75a-ff03c9d0a452,d5b0054e-3c80-4f04-8938-2fbbcbd4ce25,google,cpc,lancamento_produto,2025-05-01T14:06:16.238183
25b169f1-4720-4465-ae74-1be95420b386,d5b0054e-3c80-4f04-8938-2fbbcbd4ce25,google,cpc,lancamento_produto,2025-06-03T16:58:26.667297
3fc33199-b82e-4381-862e-42f453835479,d5b0054e-3c80-4f04-8938-2fbbcbd4ce25,google,cpc,lancamento_produto,2026-05-05T23:19:44.490559
b4f03a6d-c3e1-45bf-8ccd-df26d3b4221d,d5b0054e-3c80-4f04-8938-2fbbcbd4ce25,google,cpc,lancamento_produto,2026-06-07T15:30:38.447407
6acb1faa-dbf1-4666-b331-a2b43613602b,d5b0054e-3c80-4f04-8938-2fbbcbd4ce25,google,cpc,lancamento_produto,2026-07-31T07:35:44.660837
214e39d5-ad89-4029-91a8-0e2bd5fe2e12,d5b0054e-3c80-4f04-8938-2fbbcbd4ce25,google,cpc,lancamento_produto,2026-01-17T08:37:46.056618
fcab37f1-987b-4019-be5e-ffc778369210,d5b0054e-3c80-4f04-8938-2fbbcbd4ce25,google,cpc,lancamento_produto,2025-09-19T05:16:51.471902
62bc960b-18d0-42f4-a3f1-61c1901c10cb,d5b0054e-3c80-4f04-8938-2fbbcbd4ce25,google,cpc,lancamento_produto,2025-11-14T02:35:00.357594
f15de71a-4f1d-46a5-ab42-4a5ba9c96bd2,d5b0054e-3c80-4f04-8938-2fbbcbd4ce25,google,cpc,lancamento_produto,2025-07-12T15:04:14.726737
74b8cd37-0daa-4fd7-9b06-4c3db0edc0d9,d5b0054e-3c80-4f04-8938-2fbbcbd4ce25,google,cpc,lancamento_produto,2025-11-01T10:26:36.560665
89cdc7b8-09f2-4649-95f4-1651ce5ae584,d5b0054e-3c80-4f04-8938-2fbbcbd4ce25,google,cpc,lancamento_produto,2026-07-05T02:42:19.797165
2506280d-b505-4206-aeee-6be8d1ac1b71,d5b0054e-3c80-4f04-8938-2fbbcbd4ce25,google,cpc,lancamento_produto,2025-08-13T22:47:08.701439
2015eba2-16a9-4e03-9427-98703c882c5f,d5b0054e-3c80-4f04-8938-2fbbcbd4ce25,google,cpc,lancamento_produto,2025-12-22T06:15:22.234086
b46353f8-ba1c-4bb4-ab13-003c2b747267,d5b0054e-3c80-4f04-8938-2fbbcbd4ce25,google,cpc,lancamento_produto,2025-06-29T19:18:53.768005
510eb890-e00e-40cc-b422-0f83cfc31eef,d5b0054e-3c80-4f04-8938-2fbbcbd4ce25,google,cpc,lancamento_produto,2025-09-07T10:24:03.166989
6d1d5467-052a-4dd1-97ec-513022e33743,d5b0054e-3c80-4f04-8938-2fbbcbd4ce25,google,cpc,lancamento_produto,2026-02-14T12:30:08.709945
f15f8f18-77c1-47e8-a2be-a0233cef78e0,d5b0054e-3c80-4f04-8938-2fbbcbd4ce25,google,cpc,lancamento_produto,2025-12-12T19:42:09.424441
7f7f207f-375c-4abf-8daa-b0d2f3320e68,d5b0054e-3c80-4f04-8938-2fbbcbd4ce25,google,cpc,lancamento_produto,2026-03-13T21:01:08.408742
f0983022-7671-40c5-9abd-a4001a0b09b5,d5b0054e-3c80-4f04-8938-2fbbcbd4ce25,google,cpc,lancamento_produto,2025-09-30T16:38:16.586738
e04db7d7-09bf-4167-8510-93826bb928cc,d5b0054e-3c80-4f04-8938-2fbbcbd4ce25,google,cpc,lancamento_produto,2025-11-24T02:25:37.845123
f16b88f1-0ba3-4ab2-ae41-1d1d88c1ff87,d5b0054e-3c80-4f04-8938-2fbbcbd4ce25,google,cpc,lancamento_produto,2025-04-12T04:30:48.075587
a4bffea7-fff6-43ab-a350-9d12c734eec3,d5b0054e-3c80-4f04-8938-2fbbcbd4ce25,google,cpc,lancamento_produto,2025-11-01T14:59:18.782566
f1967ea6-b64d-4c1c-af93-9298d7a84e91,d5b0054e-3c80-4f04-8938-2fbbcbd4ce25,google,cpc,lancamento_produto,2026-07-28T18:16:38.363788
f50c6f36-c278-4d7e-a275-9c9d92f849ff,d5b0054e-3c80-4f04-8938-2fbbcbd4ce25,google,cpc,lancamento_produto,2026-07-27T03:30:59.205519
0cfed2d4-6a1f-4698-beeb-d6d4b5cdb125,d5b0054e-3c80-4f04-8938-2fbbcbd4ce25,google,cpc,lancamento_produto,2026-01-06T14:07:38.284606
63675779-36b7-49da-92cb-5f64c9215c86,d5b0054e-3c80-4f04-8938-2fbbcbd4ce25,google,cpc,lancamento_produto,2026-06-17T16:08:29.197780
93ac4615-e81f-4c8f-96b4-5ac5adba16bb,d5b0054e-3c80-4f04-8938-2fbbcbd4ce25,google,cpc,lancamento_produto,2026-08-02T05:02:36.587152
31fee79b-92bd-4489-83d1-2178fd2338ca,d5b0054e-3c80-4f04-8938-2fbbcbd4ce25,google,cpc,lancamento_produto,2025-08-20T22:25:26.312111
b29eec22-3952-4aa9-bb52-b6a1f001ab5b,d5b0054e-3c80-4f04-8938-2fbbcbd4ce25,google,cpc,lancamento_produto,2025-12-11T10:07:02.915041
58e631d2-9f0c-42c9-b960-a3e15ff07f51,d5b0054e-3c80-4f04-8938-2fbbcbd4ce25,google,cpc,lancamento_produto,2025-12-12T03:17:37.904258
930c0c8f-23bd-4fb3-9912-b9e2857518a7,d5b0054e-3c80-4f04-8938-2fbbcbd4ce25,google,cpc,lancamento_produto,2026-08-11T03:10:40.739350
85381acf-32f4-4722-8d12-b78e25ceb4b7,d5b0054e-3c80-4f04-8938-2fbbcbd4ce25,google,cpc,lancamento_produto,2026-03-26T13:22:36.985058
aea4974b-c83f-4bfc-8501-41dc7d516b3a,d5b0054e-3c80-4f04-8938-2fbbcbd4ce25,google,cpc,lancamento_produto,2026-03-09T13:05:10.116372
a97ad683-7d8f-4e7e-930f-ebf089bb73a9,d5b0054e-3c80-4f04-8938-2fbbcbd4ce25,google,cpc,lancamento_produto,2026-05-25T08:28:48.954035
774bfc5a-229f-4a6f-9a1d-2b8740ea8887,d5b0054e-3c80-4f04-8938-2fbbcbd4ce25,google,cpc,lancamento_produto,2026-06-07T07:37:50.408253
f99ab98d-26d7-4b9b-8797-b8a5b7c6e3ec,d5b0054e-3c80-4f04-8938-2fbbcbd4ce25,google,cpc,lancamento_produto,2025-06-09T09:41:38.710814
6976267d-2852-49f3-9227-140c7956f6ac,d5b0054e-3c80-4f04-8938-2fbbcbd4ce25,google,cpc,lancamento_produto,2025-04-17T16:06:19.580538
ff0ce92e-14d4-4a79-9cd8-394888b2c7e8,d5b0054e-3c80-4f04-8938-2fbbcbd4ce25,google,cpc,lancamento_produto,2026-04-21T04:11:29.821709
aa0a3c31-0c56-45d2-8ec7-79bc9a81d73a,d5b0054e-3c80-4f04-8938-2fbbcbd4ce25,google,cpc,lancamento_produto,2026-08-13T19:20:51.846765
4e773257-6fda-4e11-a497-590981d1cedc,d5b0054e-3c80-4f04-8938-2fbbcbd4ce25,google,cpc,lancamento_produto,2025-05-20T00:53:30.957147
a836e15b-ec6e-491a-8b5a-ac63a8f90193,d5b0054e-3c80-4f04-8938-2fbbcbd4ce25,google,cpc,lancamento_produto,2026-03-02T10:48:03.974523
befe2e72-1701-4562-8680-fa47060735c0,d5b0054e-3c80-4f04-8938-2fbbcbd4ce25,google,cpc,lancamento_produto,2026-07-28T18:02:15.298636
44831645-fb22-44fe-991c-f6f111a5479d,d5b0054e-3c80-4f04-8938-2fbbcbd4ce25,google,cpc,lancamento_produto,2026-03-27T21:38:08.904306
cec91467-66c4-41c8-a5f9-eb22c41a3263,d5b0054e-3c80-4f04-8938-2fbbcbd4ce25,google,cpc,lancamento_produto,2026-06-20T00:29:23.479755
d7ffd460-64a1-4c7b-b909-a6a74004f69e,d5b0054e-3c80-4f04-8938-2fbbcbd4ce25,google,cpc,lancamento_produto,2025-05-13T13:11:59.616508
eb2167e4-4ac5-4fae-a460-a662174e2cd8,d5b0054e-3c80-4f04-8938-2fbbcbd4ce25,google,cpc,lancamento_produto,2025-08-17T17:59:31.748279
0d60eeb2-2061-4b41-a638-34ce706e226e,d5b0054e-3c80-4f04-8938-2fbbcbd4ce25,google,cpc,lancamento_produto,2025-11-13T01:15:27.765141
630eaa01-333a-4643-89c9-7e64ec362d09,d5b0054e-3c80-4f04-8938-2fbbcbd4ce25,google,cpc,lancamento_produto,2025-11-22T14:26:11.671303
e4505404-ffce-4db0-b890-d5f16a046b21,d5b0054e-3c80-4f04-8938-2fbbcbd4ce25,google,cpc,lancamento_produto,2025-03-23T05:01:50.233714
d41c3473-b259-4498-a439-9132d30c11b1,d5b0054e-3c80-4f04-8938-2fbbcbd4ce25,google,cpc,lancamento_produto,2025-05-19T15:25:49.403952
3b73bcc0-ac7a-45ce-b856-65d0b0a36b42,d5b0054e-3c80-4f04-8938-2fbbcbd4ce25,google,cpc,lancamento_produto,2025-04-24T05:32:46.615090
fa7726a6-6d2e-442c-83a6-e0ae7ce65ae0,d5b0054e-3c80-4f04-8938-2fbbcbd4ce25,google,cpc,lancamento_produto,2025-12-12T15:17:03.527203
ba517763-475f-4bc1-99e0-21fb41d2ccf9,d5b0054e-3c80-4f04-8938-2fbbcbd4ce25,google,cpc,lancamento_produto,2026-03-09T17:24:15.532574
8fb0a981-ef13-4b85-9233-de86bbad436d,d5b0054e-3c80-4f04-8938-2fbbcbd4ce25,google,cpc,lancamento_produto,2026-08-19T17:21:21.744804
cc50a7c2-8aa1-4033-97b3-c484f43eaa48,d5b0054e-3c80-4f04-8938-2fbbcbd4ce25,google,cpc,lancamento_produto,2026-06-05T22:58:38.487206
7a9c5108-63b3-4670-86fa-dabd924be4bc,d5b0054e-3c80-4f04-8938-2fbbcbd4ce25,google,cpc,lancamento_produto,2026-05-17T19:12:23.808733
ae97e015-ceeb-4c3f-838f-cc11e988b6d9,d5b0054e-3c80-4f04-8938-2fbbcbd4ce25,google,cpc,lancamento_produto,2025-05-24T06:52:50.259899
8789835c-a73c-49c9-ad49-1d4b56d3cc79,d5b0054e-3c80-4f04-8938-2fbbcbd4ce25,google,cpc,lancamento_produto,2026-03-23T16:50:14.913954
ca05d89e-a839-40b9-a37a-c660d627513a,d5b0054e-3c80-4f04-8938-2fbbcbd4ce25,google,cpc,lancamento_produto,2026-06-20T12:39:52.172977
fb6832b8-39a9-4697-84ab-3b1c69cbcad2,d5b0054e-3c80-4f04-8938-2fbbcbd4ce25,google,cpc,lancamento_produto,2025-05-13T15:37:11.844384
59f22157-5cc6-4e50-a111-9a58df875ba3,d5b0054e-3c80-4f04-8938-2fbbcbd4ce25,google,cpc,lancamento_produto,2025-12-19T11:12:55.377056
384dc663-ee9c-4d9e-ba8b-947777dd39c4,d5b0054e-3c80-4f04-8938-2fbbcbd4ce25,google,cpc,lancamento_produto,2026-01-02T15:51:27.159921
eaf2e725-ef3f-43ab-a90f-985c5899496f,d5b0054e-3c80-4f04-8938-2fbbcbd4ce25,google,cpc,lancamento_produto,2025-10-31T11:15:57.537357
20b0b8e0-9505-43c3-84c0-c9014da95fae,d5b0054e-3c80-4f04-8938-2fbbcbd4ce25,google,cpc,lancamento_produto,2026-08-11T04:57:55.955603
e8bd420a-08bd-45bc-b99d-5b889a824e19,d5b0054e-3c80-4f04-8938-2fbbcbd4ce25,google,cpc,lancamento_produto,2026-08-15T05:05:50.673105
7f7b301e-cafb-4a3b-af63-feb115e7aa3d,d5b0054e-3c80-4f04-8938-2fbbcbd4ce25,google,cpc,lancamento_produto,2025-09-23T04:43:56.484303
5f683e95-9c6b-455c-b384-9d2a104f857d,d5b0054e-3c80-4f04-8938-2fbbcbd4ce25,google,cpc,lancamento_produto,2026-04-30T17:08:26.705454
4141b4fb-31a4-41c4-a9a3-19b4de8b3318,d5b0054e-3c80-4f04-8938-2fbbcbd4ce25,google,cpc,lancamento_produto,2026-05-20T02:06:59.011278
fc85768d-c6a4-49ef-a8b5-0eb9abc32477,d5b0054e-3c80-4f04-8938-2fbbcbd4ce25,google,cpc,lancamento_produto,2025-03-29T17:03:38.858317
6a5ef458-5290-49ae-a29c-afae23ccd17c,d5b0054e-3c80-4f04-8938-2fbbcbd4ce25,google,cpc,lancamento_produto,2026-07-25T21:54:39.482633
f02f9039-43e5-4550-a839-4d3c2f280612,d5b0054e-3c80-4f04-8938-2fbbcbd4ce25,google,cpc,lancamento_produto,2025-10-30T18:43:58.061439
c8f83146-59f8-4f11-90cf-4d8136c67e41,d5b0054e-3c80-4f04-8938-2fbbcbd4ce25,google,cpc,lancamento_produto,2026-04-09T12:14:54.209102
c0b6e19c-b368-472f-835c-a23b7d1815b2,d5b0054e-3c80-4f04-8938-2fbbcbd4ce25,google,cpc,lancamento_produto,2026-04-10T00:37:56.048712
0c7a6fb9-8efb-486d-ba5c-3dd9fa91e1b4,d5b0054e-3c80-4f04-8938-2fbbcbd4ce25,google,cpc,lancamento_produto,2026-07-07T22:01:18.345750
5474ef84-e323-426a-9f24-1cfb560ad7f4,d5b0054e-3c80-4f04-8938-2fbbcbd4ce25,google,cpc,lancamento_produto,2025-09-10T07:05:52.561655
b6c3907b-ae11-43c4-b618-2f38b326c5fd,d5b0054e-3c80-4f04-8938-2fbbcbd4ce25,google,cpc,lancamento_produto,2026-06-25T07:19:27.824895
0dc48568-87ae-479c-8655-4946fbeaa994,d5b0054e-3c80-4f04-8938-2fbbcbd4ce25,google,cpc,lancamento_produto,2026-01-07T10:37:06.860941
5b58aa3f-7047-4c95-b9e1-4a46771dc1a3,d5b0054e-3c80-4f04-8938-2fbbcbd4ce25,google,cpc,lancamento_produto,2026-06-11T18:16:32.490177
ca4fd579-e3e1-40ed-a9fa-35f5eb5a7f00,d5b0054e-3c80-4f04-8938-2fbbcbd4ce25,google,cpc,lancamento_produto,2025-11-26T08:29:28.531280
1445b37f-1cbf-4e76-8243-f736ad858cc0,d5b0054e-3c80-4f04-8938-2fbbcbd4ce25,google,cpc,lancamento_produto,2025-09-05T00:56:59.809513
9615621d-9c43-4f70-b3f2-2ef4161fb1a1,d5b0054e-3c80-4f04-8938-2fbbcbd4ce25,google,cpc,lancamento_produto,2025-05-05T19:23:35.904091
54ecbcc8-376f-4133-947f-b54043e330bc,d5b0054e-3c80-4f04-8938-2fbbcbd4ce25,google,cpc,lancamento_produto,2025-11-10T08:54:52.558838
37d15e45-b538-4be6-bc84-510ca0fc9c02,d5b0054e-3c80-4f04-8938-2fbbcbd4ce25,google,cpc,lancamento_produto,2025-08-26T15:52:24.065881
f7626b67-bafa-4b43-83a0-c76f2bcf5402,d5b0054e-3c80-4f04-8938-2fbbcbd4ce25,google,cpc,lancamento_produto,2026-05-27T02:26:48.903358
d56f95b7-866e-4f1d-ab23-87286a2acd58,d5b0054e-3c80-4f04-8938-2fbbcbd4ce25,google,cpc,lancamento_produto,2026-05-23T16:42:24.338336
a6ecda91-c65d-4aba-bd81-11d2c22053b7,d5b0054e-3c80-4f04-8938-2fbbcbd4ce25,google,cpc,lancamento_produto,2025-04-27T22:17:15.399949
cc59f923-1034-4a26-83e3-55a9a76d3f29,d5b0054e-3c80-4f04-8938-2fbbcbd4ce25,google,cpc,lancamento_produto,2025-07-14T00:08:17.295001
01af2022-5d36-42d7-9961-63de2bd19860,d5b0054e-3c80-4f04-8938-2fbbcbd4ce25,google,cpc,lancamento_produto,2025-05-24T22:33:06.406003
e927bdd1-e398-4b4a-b2de-2353e6956aa5,d5b0054e-3c80-4f04-8938-2fbbcbd4ce25,google,cpc,lancamento_produto,2026-06-09T02:48:32.631693
8a67ae6e-0233-4cc0-80c9-0c60babcacc7,d5b0054e-3c80-4f04-8938-2fbbcbd4ce25,google,cpc,lancamento_produto,2026-07-25T03:09:39.473399
708bcfd7-fd55-4a4b-883a-565d8c6999a3,d5b0054e-3c80-4f04-8938-2fbbcbd4ce25,google,cpc,lancamento_produto,2025-10-10T22:19:20.881350
77e64de9-530c-4843-9e03-a04377284404,d5b0054e-3c80-4f04-8938-2fbbcbd4ce25,google,cpc,lancamento_produto,2025-09-12T01:36:57.873557
6e453509-6f4a-413d-b414-a4b21d61cc7d,d5b0054e-3c80-4f04-8938-2fbbcbd4ce25,google,cpc,lancamento_produto,2026-05-02T20:12:57.110774
b93b65d4-c6d1-4271-a556-16e0a8cda21a,d5b0054e-3c80-4f04-8938-2fbbcbd4ce25,google,cpc,lancamento_produto,2025-11-17T17:15:37.556804
07040447-035f-40d9-adea-b264c1859119,d5b0054e-3c80-4f04-8938-2fbbcbd4ce25,google,cpc,lancamento_produto,2026-02-20T21:15:09.219506
129bfc86-3146-4725-8c8a-981ea89147bc,d5b0054e-3c80-4f04-8938-2fbbcbd4ce25,google,cpc,lancamento_produto,2025-12-11T20:40:11.702183
d19c3b2f-7776-4bd9-aa0d-f5bf13891df0,d5b0054e-3c80-4f04-8938-2fbbcbd4ce25,google,cpc,lancamento_produto,2026-04-14T14:39:05.282336
019633e3-4388-4b91-abe4-12383b02387a,d5b0054e-3c80-4f04-8938-2fbbcbd4ce25,google,cpc,lancamento_produto,2026-05-11T18:26:48.505591
431e4276-da33-4ef9-8c08-78e04c7695b1,d5b0054e-3c80-4f04-8938-2fbbcbd4ce25,google,cpc,lancamento_produto,2026-07-16T07:43:03.788731
9165b563-e9c9-4ede-85ae-9bd38ed76a59,d5b0054e-3c80-4f04-8938-2fbbcbd4ce25,google,cpc,lancamento_produto,2026-02-26T19:06:14.321836
1f2032a6-141b-4ac8-ba25-a63801f40387,d5b0054e-3c80-4f04-8938-2fbbcbd4ce25,google,cpc,lancamento_produto,2025-07-26T16:40:31.374738
2968af2d-f250-419b-ae11-170df7a0ccfb,d5b0054e-3c80-4f04-8938-2fbbcbd4ce25,google,cpc,lancamento_produto,2025-04-17T18:14:25.718796
35083498-2c0c-4c08-afef-c52599940082,d5b0054e-3c80-4f04-8938-2fbbcbd4ce25,google,cpc,lancamento_produto,2026-05-31T20:21:19.661790
69a1602a-604d-49c2-82a5-4cdff4fc82d5,d5b0054e-3c80-4f04-8938-2fbbcbd4ce25,google,cpc,lancamento_produto,2025-11-03T11:31:18.998628
f4a9b1a1-16d7-4daf-aa2e-0f132b256a3d,d5b0054e-3c80-4f04-8938-2fbbcbd4ce25,google,cpc,lancamento_produto,2025-06-07T23:08:59.206468
1723d1e8-cc5a-4802-8590-06b759362185,d5b0054e-3c80-4f04-8938-2fbbcbd4ce25,google,cpc,lancamento_produto,2025-09-02T12:09:26.142185
ec53f677-4e77-4d82-97eb-02902142ba6d,d5b0054e-3c80-4f04-8938-2fbbcbd4ce25,google,cpc,lancamento_produto,2026-03-04T12:20:45.696383
9fcc095e-7d20-4307-8b73-aa8b5c4ed4dd,d5b0054e-3c80-4f04-8938-2fbbcbd4ce25,google,cpc,lancamento_produto,2025-11-01T14:46:41.164414
a5c3b348-49cc-4be8-9845-a5ad46c8a396,d5b0054e-3c80-4f04-8938-2fbbcbd4ce25,google,cpc,lancamento_produto,2025-04-20T07:54:01.938177
0638a3e5-21fe-413a-815a-a75edafc8828,d5b0054e-3c80-4f04-8938-2fbbcbd4ce25,google,cpc,lancamento_produto,2025-08-01T15:48:53.882822
3ea55334-4468-4c56-834b-eb74560d2fa7,d5b0054e-3c80-4f04-8938-2fbbcbd4ce25,google,cpc,lancamento_produto,2026-07-29T22:31:46.293022
61977e80-574b-4e26-bf19-86f621329364,d5b0054e-3c80-4f04-8938-2fbbcbd4ce25,google,cpc,lancamento_produto,2025-07-06T03:50:07.297773
51509dc3-3857-4422-834b-74cf3b7839de,d5b0054e-3c80-4f04-8938-2fbbcbd4ce25,google,cpc,lancamento_produto,2025-08-15T03:31:01.211100
dfac39e1-f8d4-4d11-8402-7a9d7ef33e2a,d5b0054e-3c80-4f04-8938-2fbbcbd4ce25,google,cpc,lancamento_produto,2025-03-26T12:25:09.211215
97d50711-6816-4e0e-a290-4d04cedf0d9b,d5b0054e-3c80-4f04-8938-2fbbcbd4ce25,google,cpc,lancamento_produto,2026-05-16T02:29:15.142285
20414ec1-c0e9-46e2-a761-a63388f0c5ed,d5b0054e-3c80-4f04-8938-2fbbcbd4ce25,google,cpc,lancamento_produto,2026-06-12T22:50:06.142891
9a6660da-ce6f-4d1c-8ed5-1104d3f4d33e,d5b0054e-3c80-4f04-8938-2fbbcbd4ce25,google,cpc,lancamento_produto,2025-07-11T18:10:33.813372
12c02549-7575-4924-8bc1-f75f81c5cade,d5b0054e-3c80-4f04-8938-2fbbcbd4ce25,google,cpc,lancamento_produto,2025-10-02T00:27:20.662486
14607229-cb82-4b0f-b162-8a2a6cb301fe,d5b0054e-3c80-4f04-8938-2fbbcbd4ce25,google,cpc,lancamento_produto,2026-04-17T00:29:08.634030
0a17198a-e8d7-47e6-ac18-2d4e61e7a5ce,d5b0054e-3c80-4f04-8938-2fbbcbd4ce25,google,cpc,lancamento_produto,2025-05-13T01:28:19.536273
8d05a1ad-a052-44c3-91ea-3e79b4756d21,d5b0054e-3c80-4f04-8938-2fbbcbd4ce25,google,cpc,lancamento_produto,2026-01-16T17:07:11.450556
f55b6d6c-1765-4894-8287-fa1d3ca80c60,d5b0054e-3c80-4f04-8938-2fbbcbd4ce25,google,cpc,lancamento_produto,2026-03-03T12:58:10.193998
84ff634a-aaba-4921-b177-e642746dc9e4,d5b0054e-3c80-4f04-8938-2fbbcbd4ce25,google,cpc,lancamento_produto,2026-02-22T18:44:08.488790
050d14e4-742e-48b0-a936-9609e24dbd48,d5b0054e-3c80-4f04-8938-2fbbcbd4ce25,google,cpc,lancamento_produto,2026-02-11T08:18:30.950199
5e6c6e0c-4e8e-4588-b152-920335507636,d5b0054e-3c80-4f04-8938-2fbbcbd4ce25,google,cpc,lancamento_produto,2026-03-04T23:58:27.707102
db30a023-48e6-4474-9a77-95bb0d02b43d,d5b0054e-3c80-4f04-8938-2fbbcbd4ce25,google,cpc,lancamento_produto,2026-01-20T10:10:30.648721
eab8b6fc-4811-41b4-95fc-23f1ee49b1a9,d5b0054e-3c80-4f04-8938-2fbbcbd4ce25,google,cpc,lancamento_produto,2025-05-29T02:04:46.890175
1229884e-3324-4a83-92a6-1fa4ac8c1229,d5b0054e-3c80-4f04-8938-2fbbcbd4ce25,google,cpc,lancamento_produto,2026-08-18T19:13:56.246962
e24f8725-18e5-4c32-a51e-f3ee4338a119,d5b0054e-3c80-4f04-8938-2fbbcbd4ce25,google,cpc,lancamento_produto,2025-07-15T14:50:51.176970
e5c99c00-df34-49b3-ba9c-99339219e0d2,d5b0054e-3c80-4f04-8938-2fbbcbd4ce25,google,cpc,lancamento_produto,2026-04-05T00:20:45.669005
db252c95-708c-466e-b49b-ab09aae2569c,d5b0054e-3c80-4f04-8938-2fbbcbd4ce25,google,cpc,lancamento_produto,2026-08-03T09:55:37.661364
93c36390-95fb-42f2-9d02-239e08690a1f,d5b0054e-3c80-4f04-8938-2fbbcbd4ce25,google,cpc,lancamento_produto,2025-11-22T21:08:13.264584
bcbe0d7b-89e2-48a5-bd19-cce890283238,d5b0054e-3c80-4f04-8938-2fbbcbd4ce25,google,cpc,lancamento_produto,2025-05-06T21:53:05.181243
5970c3d1-92db-4617-9341-0ff923cc6899,d5b0054e-3c80-4f04-8938-2fbbcbd4ce25,google,cpc,lancamento_produto,2026-05-29T07:23:36.877740
799c0bb8-d8a5-40cd-bace-23d955f163cf,d5b0054e-3c80-4f04-8938-2fbbcbd4ce25,google,cpc,lancamento_produto,2025-09-01T11:02:15.905342
6aa9c272-e087-4462-850c-486106733302,d5b0054e-3c80-4f04-8938-2fbbcbd4ce25,google,cpc,lancamento_produto,2026-03-10T06:28:20.739320
bafd4dd9-0d3b-45fa-ba09-23558687cf9e,d5b0054e-3c80-4f04-8938-2fbbcbd4ce25,google,cpc,lancamento_produto,2026-01-20T11:18:44.677625
e41bfbfd-f142-4c9a-a2f2-47aa76052d40,d5b0054e-3c80-4f04-8938-2fbbcbd4ce25,google,cpc,lancamento_produto,2025-08-12T22:15:57.648233
dde35a0a-9117-48d6-aef7-df831491aa01,d5b0054e-3c80-4f04-8938-2fbbcbd4ce25,google,cpc,lancamento_produto,2026-02-02T14:34:32.797332
ebbce37b-a632-4b32-b7be-4f695ce5c3f5,d5b0054e-3c80-4f04-8938-2fbbcbd4ce25,google,cpc,lancamento_produto,2025-07-16T16:11:25.847329
a100c979-8aab-4262-9fcc-aa265280c0d8,d5b0054e-3c80-4f04-8938-2fbbcbd4ce25,google,cpc,lancamento_produto,2026-06-02T13:17:06.840564
c8bdb80d-cc1a-4245-a642-6f087eee6e3f,d5b0054e-3c80-4f04-8938-2fbbcbd4ce25,google,cpc,lancamento_produto,2026-05-09T01:30:49.964261
640a7973-fb33-4862-8eef-2ad96a879d13,d5b0054e-3c80-4f04-8938-2fbbcbd4ce25,google,cpc,lancamento_produto,2025-10-15T21:58:35.929877
1b1a3a84-df26-46c8-a389-17a44e978244,d5b0054e-3c80-4f04-8938-2fbbcbd4ce25,google,cpc,lancamento_produto,2025-04-26T05:43:45.109065
b4d97d7c-1bde-425b-97ae-6645e8d55a9b,d5b0054e-3c80-4f04-8938-2fbbcbd4ce25,google,cpc,lancamento_produto,2026-08-02T11:13:58.293588
60b93b47-8660-447a-8b78-d161753d8fd5,d5b0054e-3c80-4f04-8938-2fbbcbd4ce25,google,cpc,lancamento_produto,2026-01-28T07:55:44.994355
73b2b37d-e822-4a71-9232-6630034fd46c,d5b0054e-3c80-4f04-8938-2fbbcbd4ce25,google,cpc,lancamento_produto,2025-05-14T05:43:45.896834
c1889827-27d2-4a7b-ae1b-2d1dfceabfb3,d5b0054e-3c80-4f04-8938-2fbbcbd4ce25,google,cpc,lancamento_produto,2025-07-27T06:50:52.630084
0b37855f-5d69-4160-9f4a-56281256ea33,d5b0054e-3c80-4f04-8938-2fbbcbd4ce25,google,cpc,lancamento_produto,2026-05-22T12:30:00.451941
cf449344-8df5-4238-abf4-ff50ead14f13,d5b0054e-3c80-4f04-8938-2fbbcbd4ce25,google,cpc,lancamento_produto,2025-09-10T01:35:50.183916
217576e9-042c-492c-a06c-8beefd3d9ed6,d5b0054e-3c80-4f04-8938-2fbbcbd4ce25,google,cpc,lancamento_produto,2025-04-29T14:07:36.479553
a5d7d163-6c52-4dc3-ae7f-d15d8d4045c9,d5b0054e-3c80-4f04-8938-2fbbcbd4ce25,google,cpc,lancamento_produto,2026-01-03T16:10:09.979350
1d7eb40d-f7f6-4929-bdb8-6fb4960ab12b,d5b0054e-3c80-4f04-8938-2fbbcbd4ce25,google,cpc,lancamento_produto,2025-05-07T08:47:21.607919
56f93fa3-7be2-4b81-8e19-810d873e555c,d5b0054e-3c80-4f04-8938-2fbbcbd4ce25,google,cpc,lancamento_produto,2026-02-22T08:25:02.770395
1954f304-babb-4b97-8c0e-7d60bb21bae8,d5b0054e-3c80-4f04-8938-2fbbcbd4ce25,google,cpc,lancamento_produto,2026-05-25T12:52:05.540320
6cbfa1ef-84f7-4c1b-ae38-27aa26d5f604,d5b0054e-3c80-4f04-8938-2fbbcbd4ce25,google,cpc,lancamento_produto,2025-06-28T12:17:23.984646
6b3873d4-8fe4-4e1d-8734-66e81530bb62,d5b0054e-3c80-4f04-8938-2fbbcbd4ce25,google,cpc,lancamento_produto,2026-07-10T11:25:44.804036
3802f69d-8807-4211-97a5-8d4acc5c8baf,d5b0054e-3c80-4f04-8938-2fbbcbd4ce25,google,cpc,lancamento_produto,2025-09-18T14:13:21.361258
03076faf-8358-41fc-9b43-0b3e3c31b588,d5b0054e-3c80-4f04-8938-2fbbcbd4ce25,google,cpc,lancamento_produto,2025-10-09T23:25:50.248257
2efa3c20-c052-435d-acd4-4fb8d14675ff,d5b0054e-3c80-4f04-8938-2fbbcbd4ce25,google,cpc,lancamento_produto,2026-07-07T19:29:20.959327
010f448d-ae00-4531-bcc5-0a8288c8a64f,d5b0054e-3c80-4f04-8938-2fbbcbd4ce25,google,cpc,lancamento_produto,2026-01-19T12:51:09.964037
fd477377-e33b-43dc-ae93-f0eba41f9d56,d5b0054e-3c80-4f04-8938-2fbbcbd4ce25,google,cpc,lancamento_produto,2026-01-06T03:31:10.446940
e935b1cf-47ae-4943-9b0d-f2fe7cccfa1e,d5b0054e-3c80-4f04-8938-2fbbcbd4ce25,google,cpc,lancamento_produto,2026-02-05T10:41:31.317963
71505d46-5b37-43bc-9e0f-b954488d4198,d5b0054e-3c80-4f04-8938-2fbbcbd4ce25,google,cpc,lancamento_produto,2025-09-27T18:29:05.532841
aedbb9fc-cac5-4d41-8f38-46223efc1c24,d5b0054e-3c80-4f04-8938-2fbbcbd4ce25,google,cpc,lancamento_produto,2026-03-09T07:39:30.992794
af1d6cca-b6b3-442b-8443-b95f0930bbf8,d5b0054e-3c80-4f04-8938-2fbbcbd4ce25,google,cpc,lancamento_produto,2025-07-08T22:41:45.135323
63b0c319-6b41-4662-bfe9-3a6e60c19a7b,d5b0054e-3c80-4f04-8938-2fbbcbd4ce25,google,cpc,lancamento_produto,2026-07-02T04:05:46.114840
82e9ce5b-ca6b-4479-82a3-47473332a01f,d5b0054e-3c80-4f04-8938-2fbbcbd4ce25,google,cpc,lancamento_produto,2026-05-15T06:42:25.733314
fc51e791-0f01-4cc1-a57a-c8f010b1e0be,d5b0054e-3c80-4f04-8938-2fbbcbd4ce25,google,cpc,lancamento_produto,2026-06-29T01:36:36.240493
ea79cddd-cb57-4bd7-bebf-1121e328d99d,d5b0054e-3c80-4f04-8938-2fbbcbd4ce25,google,cpc,lancamento_produto,2026-07-09T02:33:48.315552
111ef46b-629e-46bf-bee3-22a080f1ff19,d5b0054e-3c80-4f04-8938-2fbbcbd4ce25,google,cpc,lancamento_produto,2025-12-07T05:41:24.044322
3ffd9438-0e0c-40a0-8877-96a0c167f7e4,d5b0054e-3c80-4f04-8938-2fbbcbd4ce25,google,cpc,lancamento_produto,2026-03-05T00:21:09.978632
43929d68-ea69-4fb3-865b-ecd5cab2d7c6,d5b0054e-3c80-4f04-8938-2fbbcbd4ce25,google,cpc,lancamento_produto,2025-08-21T22:17:52.097469
a3b1fa04-424c-4180-8c80-bbf86dfcc633,d5b0054e-3c80-4f04-8938-2fbbcbd4ce25,google,cpc,lancamento_produto,2025-11-02T21:31:15.183386
6f7bea61-5d47-4b2d-84dc-4bad7c853125,d5b0054e-3c80-4f04-8938-2fbbcbd4ce25,google,cpc,lancamento_produto,2026-03-03T16:45:33.602314
eed48458-141d-4297-9ac0-28690f2b2add,d5b0054e-3c80-4f04-8938-2fbbcbd4ce25,google,cpc,lancamento_produto,2026-02-10T14:24:11.576710
95ed44eb-83f4-43b6-8f37-55ff273b8951,d5b0054e-3c80-4f04-8938-2fbbcbd4ce25,google,cpc,lancamento_produto,2026-08-16T14:07:27.601549
a7fefb59-f2af-4a42-82c1-ea85d571a0a5,d5b0054e-3c80-4f04-8938-2fbbcbd4ce25,google,cpc,lancamento_produto,2025-10-26T03:55:13.407756
4cc4e4e6-dad8-437b-ac50-8a4a7cce0ad0,d5b0054e-3c80-4f04-8938-2fbbcbd4ce25,google,cpc,lancamento_produto,2025-08-01T03:58:50.701818
1d2663d6-5905-4606-a101-ec84714ea2be,d5b0054e-3c80-4f04-8938-2fbbcbd4ce25,google,cpc,lancamento_produto,2025-04-28T06:12:16.299623
928f43e4-2075-4b2b-9ffc-451f6d3f1e23,d5b0054e-3c80-4f04-8938-2fbbcbd4ce25,google,cpc,lancamento_produto,2025-08-19T10:18:30.807870
13192b35-d4b3-414c-b6ea-cf9cd5e63ce2,d5b0054e-3c80-4f04-8938-2fbbcbd4ce25,google,cpc,lancamento_produto,2025-06-04T10:24:53.791867
9dc7afdc-f1e6-4269-ba77-04557dc657a4,d5b0054e-3c80-4f04-8938-2fbbcbd4ce25,google,cpc,lancamento_produto,2025-04-07T10:02:40.273466
c6e76613-08d4-4f36-be4d-612323d1d2a1,d5b0054e-3c80-4f04-8938-2fbbcbd4ce25,google,cpc,lancamento_produto,2025-10-10T12:33:05.220819
92b6c65e-545e-4460-b2c1-421ba63b38fd,d5b0054e-3c80-4f04-8938-2fbbcbd4ce25,google,cpc,lancamento_produto,2026-06-12T09:53:48.760900
bd6c36bc-0f7e-44be-a76d-d7fb93042137,d5b0054e-3c80-4f04-8938-2fbbcbd4ce25,google,cpc,lancamento_produto,2025-09-25T15:24:33.214333
ce514904-db25-4b9b-ade3-9ebca3980818,d5b0054e-3c80-4f04-8938-2fbbcbd4ce25,google,cpc,lancamento_produto,2026-07-30T10:53:29.452086
02ccf763-e4a4-448c-8094-7c4415cbfbe4,d5b0054e-3c80-4f04-8938-2fbbcbd4ce25,google,cpc,lancamento_produto,2025-10-02T11:24:57.341143
b65a4437-50d4-4cb2-8f01-50eebec74701,d5b0054e-3c80-4f04-8938-2fbbcbd4ce25,google,cpc,lancamento_produto,2025-12-30T15:54:22.256876
2fab0bc8-8680-45d8-af67-454d230431ea,d5b0054e-3c80-4f04-8938-2fbbcbd4ce25,google,cpc,lancamento_produto,2025-12-24T11:51:02.136196
15086a6c-40ff-4143-80bf-930d1eeded26,d5b0054e-3c80-4f04-8938-2fbbcbd4ce25,google,cpc,lancamento_produto,2026-07-12T00:12:36.150934
ff9ead9d-ea5f-4923-a1b2-d36f0f03c75e,d5b0054e-3c80-4f04-8938-2fbbcbd4ce25,google,cpc,lancamento_produto,2025-11-27T12:06:14.086005
cd54a7c9-49eb-4f82-a92c-2553e049f8bc,d5b0054e-3c80-4f04-8938-2fbbcbd4ce25,google,cpc,lancamento_produto,2026-04-01T23:32:58.112207
b218aff1-8f89-497e-9dda-927ca3f3e3d3,d5b0054e-3c80-4f04-8938-2fbbcbd4ce25,google,cpc,lancamento_produto,2025-04-17T05:43:42.180657
73101432-ade4-4894-8b6a-9cb3d5d72d27,d5b0054e-3c80-4f04-8938-2fbbcbd4ce25,google,cpc,lancamento_produto,2025-07-13T08:07:25.042487
bbfebd7a-07da-477e-8505-60a3dcf7e4fc,d5b0054e-3c80-4f04-8938-2fbbcbd4ce25,google,cpc,lancamento_produto,2025-04-11T22:57:55.283461
3d0754ad-6afa-4e75-94a6-43c4e6f8ca87,d5b0054e-3c80-4f04-8938-2fbbcbd4ce25,google,cpc,lancamento_produto,2026-06-06T02:14:02.808265
77905f7f-a622-4baf-9d0f-51f70873a09b,d5b0054e-3c80-4f04-8938-2fbbcbd4ce25,google,cpc,lancamento_produto,2025-06-15T11:01:34.283148
61791cea-49c6-4303-8e5c-4ee640c1baba,d5b0054e-3c80-4f04-8938-2fbbcbd4ce25,google,cpc,lancamento_produto,2026-06-05T21:44:22.099004
5cc3a650-64d4-4cb6-ae4e-bbb37cf898d8,d5b0054e-3c80-4f04-8938-2fbbcbd4ce25,google,cpc,lancamento_produto,2025-10-13T17:33:14.061587
80837ae3-2435-44b9-a041-8e13069c1f84,7d8a8e2b-853d-459c-8d37-0710dd16aceb,linkedin,paid_social,webinar_gestao,2025-12-03T07:14:03.823534
37db1d87-0203-47c3-84ec-d73858663ff2,7d8a8e2b-853d-459c-8d37-0710dd16aceb,linkedin,paid_social,webinar_gestao,2026-01-24T19:22:34.983737
c2fcc66e-e133-4544-90ee-9039bad22bae,7d8a8e2b-853d-459c-8d37-0710dd16aceb,linkedin,paid_social,webinar_gestao,2026-01-08T04:25:55.653077
9a3b4898-2c1d-45a2-b7d7-cf2170f18bfd,7d8a8e2b-853d-459c-8d37-0710dd16aceb,linkedin,paid_social,webinar_gestao,2026-04-09T01:18:13.629556
1dab04f3-e7d1-40c9-91c8-3d78c4b05d0c,7d8a8e2b-853d-459c-8d37-0710dd16aceb,linkedin,paid_social,webinar_gestao,2026-03-06T22:30:05.624045
f9b119dc-f5b1-429e-8f9d-1e5a545df955,7d8a8e2b-853d-459c-8d37-0710dd16aceb,linkedin,paid_social,webinar_gestao,2026-05-27T16:42:40.334815
d178d23c-b908-446e-a6c2-d36c8ed9f50b,7d8a8e2b-853d-459c-8d37-0710dd16aceb,linkedin,paid_social,webinar_gestao,2025-08-05T16:27:27.635056
1fcbd62e-4cb8-4208-b8bf-50e68eb70af8,7d8a8e2b-853d-459c-8d37-0710dd16aceb,linkedin,paid_social,webinar_gestao,2025-09-24T12:12:45.689155
9437d63f-cdfb-408f-83cc-8f2e7a40d937,7d8a8e2b-853d-459c-8d37-0710dd16aceb,linkedin,paid_social,webinar_gestao,2026-05-25T03:01:50.838136
0ffe5c71-c1e9-478f-b91c-278fb177e007,7d8a8e2b-853d-459c-8d37-0710dd16aceb,linkedin,paid_social,webinar_gestao,2025-11-29T05:53:39.123769
d2cc8ed5-6242-477d-ad76-03a56fd34d40,7d8a8e2b-853d-459c-8d37-0710dd16aceb,linkedin,paid_social,webinar_gestao,2025-06-27T10:49:26.564644
0e8da8cd-3a18-4c47-adf0-6242e1dfeb16,7d8a8e2b-853d-459c-8d37-0710dd16aceb,linkedin,paid_social,webinar_gestao,2026-05-10T14:00:59.791661
844960c6-e510-46c2-a80c-657248e94198,7d8a8e2b-853d-459c-8d37-0710dd16aceb,linkedin,paid_social,webinar_gestao,2026-03-27T21:07:44.342028
9980f8a9-b1b6-41c6-b0d9-4cad5ab06da2,7d8a8e2b-853d-459c-8d37-0710dd16aceb,linkedin,paid_social,webinar_gestao,2025-04-27T20:15:50.414036
e81ff4da-f3d8-4836-94cb-f7605d484e8e,7d8a8e2b-853d-459c-8d37-0710dd16aceb,linkedin,paid_social,webinar_gestao,2025-05-04T16:49:07.729669
2506a650-8847-49a6-9794-f1ca63fd9ae5,7d8a8e2b-853d-459c-8d37-0710dd16aceb,linkedin,paid_social,webinar_gestao,2025-04-09T05:06:35.413474
dc9eb61e-7dcf-48bb-ac0d-03a0c590d9d6,7d8a8e2b-853d-459c-8d37-0710dd16aceb,linkedin,paid_social,webinar_gestao,2026-03-02T00:19:59.099146
fe507de0-a8c4-4aa4-b09f-8a2323356954,7d8a8e2b-853d-459c-8d37-0710dd16aceb,linkedin,paid_social,webinar_gestao,2025-07-27T00:10:29.452881
5c2b374b-a6a0-44fa-9db9-c144fcfcf6c2,7d8a8e2b-853d-459c-8d37-0710dd16aceb,linkedin,paid_social,webinar_gestao,2025-12-21T09:19:25.014038
83e94aae-6053-46e3-8819-e1927872b45d,7d8a8e2b-853d-459c-8d37-0710dd16aceb,linkedin,paid_social,webinar_gestao,2025-06-12T07:55:23.392876
8e571dec-8117-4ff0-90c9-f90caea309f2,7d8a8e2b-853d-459c-8d37-0710dd16aceb,linkedin,paid_social,webinar_gestao,2025-08-09T00:59:02.788571
4e820756-d8ab-4ceb-ab1c-01821d80ab56,7d8a8e2b-853d-459c-8d37-0710dd16aceb,linkedin,paid_social,webinar_gestao,2025-06-23T04:50:04.760145
a3efa0ab-401f-4a88-9749-a877ebfc9402,7d8a8e2b-853d-459c-8d37-0710dd16aceb,linkedin,paid_social,webinar_gestao,2025-07-25T12:25:01.564352
489a1960-3e98-4502-b842-df1a18bb6926,7d8a8e2b-853d-459c-8d37-0710dd16aceb,linkedin,paid_social,webinar_gestao,2025-10-03T07:16:44.102223
94f289a5-0b9c-4440-b91a-295dc8a8974f,7d8a8e2b-853d-459c-8d37-0710dd16aceb,linkedin,paid_social,webinar_gestao,2026-05-13T18:52:12.074466
caa31e55-7a02-485d-a3d3-8412f3bb3cdb,7d8a8e2b-853d-459c-8d37-0710dd16aceb,linkedin,paid_social,webinar_gestao,2026-07-08T22:53:36.008232
e4ab7ba4-badc-4097-b42c-d3c5d221ec45,7d8a8e2b-853d-459c-8d37-0710dd16aceb,linkedin,paid_social,webinar_gestao,2025-06-14T12:48:03.075850
a738ff0c-e442-4275-ba50-21b35adf0c1e,7d8a8e2b-853d-459c-8d37-0710dd16aceb,linkedin,paid_social,webinar_gestao,2026-03-15T13:45:01.696745
350ea4c8-af7f-4c2e-bdb2-86dd8330a881,7d8a8e2b-853d-459c-8d37-0710dd16aceb,linkedin,paid_social,webinar_gestao,2026-02-05T14:56:18.157862
e7f918d0-7995-46ed-8117-987460b02a19,7d8a8e2b-853d-459c-8d37-0710dd16aceb,linkedin,paid_social,webinar_gestao,2025-12-28T08:35:35.203640
1d2f91d4-1497-4688-9ea4-e526f6df43ce,7d8a8e2b-853d-459c-8d37-0710dd16aceb,linkedin,paid_social,webinar_gestao,2026-06-24T14:52:07.426054
b57da56b-c137-4ab6-8172-2da76f25bae8,7d8a8e2b-853d-459c-8d37-0710dd16aceb,linkedin,paid_social,webinar_gestao,2025-05-19T04:51:58.215422
13b66038-90e3-47c3-8f22-d7da58512a6b,7d8a8e2b-853d-459c-8d37-0710dd16aceb,linkedin,paid_social,webinar_gestao,2026-07-17T05:08:27.863293
4a6676ab-6cf0-4634-a569-1adaaf63cd38,7d8a8e2b-853d-459c-8d37-0710dd16aceb,linkedin,paid_social,webinar_gestao,2025-07-02T03:08:54.106409
1ffa1b23-6677-4fe8-8b32-7511cc751e8d,7d8a8e2b-853d-459c-8d37-0710dd16aceb,linkedin,paid_social,webinar_gestao,2026-06-02T22:41:38.997929
9c7140d5-6108-4013-9760-837683a3f3d8,7d8a8e2b-853d-459c-8d37-0710dd16aceb,linkedin,paid_social,webinar_gestao,2026-07-23T21:09:28.348187
730bda7d-c781-4083-9b23-87cf6b671da7,7d8a8e2b-853d-459c-8d37-0710dd16aceb,linkedin,paid_social,webinar_gestao,2026-08-06T16:48:29.742357
9e6bc57b-f85e-4914-87a6-54fa35355375,7d8a8e2b-853d-459c-8d37-0710dd16aceb,linkedin,paid_social,webinar_gestao,2025-08-02T23:35:08.699347
a6bf662e-854e-48af-8d40-4299c1391a8a,7d8a8e2b-853d-459c-8d37-0710dd16aceb,linkedin,paid_social,webinar_gestao,2025-04-06T11:50:55.215911
09d54d64-8e88-46f6-9246-ac62c936eb27,7d8a8e2b-853d-459c-8d37-0710dd16aceb,linkedin,paid_social,webinar_gestao,2026-07-09T09:31:12.919152
bd1227cd-6964-4b0e-9eef-aa86091cfcfa,7d8a8e2b-853d-459c-8d37-0710dd16aceb,linkedin,paid_social,webinar_gestao,2025-12-07T21:52:40.532305
4a5382b4-a858-48fc-9ef7-acdb6be68a4e,7d8a8e2b-853d-459c-8d37-0710dd16aceb,linkedin,paid_social,webinar_gestao,2025-11-07T05:57:40.075905
5a877574-49a6-4496-ab16-9f6e1918efdc,7d8a8e2b-853d-459c-8d37-0710dd16aceb,linkedin,paid_social,webinar_gestao,2025-11-11T10:10:02.196263
6656131e-f965-4ad9-a854-cfcb40ad8278,7d8a8e2b-853d-459c-8d37-0710dd16aceb,linkedin,paid_social,webinar_gestao,2026-07-11T10:20:52.330933
ddebe045-a13b-48ea-9af8-17b7f5e2d7ff,7d8a8e2b-853d-459c-8d37-0710dd16aceb,linkedin,paid_social,webinar_gestao,2026-05-12T13:55:12.888043
1164e7f5-a6d4-49d3-a10f-a8a72ed2099a,7d8a8e2b-853d-459c-8d37-0710dd16aceb,linkedin,paid_social,webinar_gestao,2025-08-16T05:35:11.815542
487ea2e6-316e-43ea-a06b-bed1fe4f249c,7d8a8e2b-853d-459c-8d37-0710dd16aceb,linkedin,paid_social,webinar_gestao,2026-02-23T23:06:51.348196
150e5960-3f4b-4d71-88f2-dd372462bc77,7d8a8e2b-853d-459c-8d37-0710dd16aceb,linkedin,paid_social,webinar_gestao,2026-04-06T22:17:47.205800
aa027bef-d45f-4913-9302-5e6a7f325455,7d8a8e2b-853d-459c-8d37-0710dd16aceb,linkedin,paid_social,webinar_gestao,2026-01-14T20:57:59.384785
99f0e53b-5f2f-4381-998a-43d577e27abd,7d8a8e2b-853d-459c-8d37-0710dd16aceb,linkedin,paid_social,webinar_gestao,2025-08-02T00:10:04.166195
e6a640fe-a99f-4112-b650-6f1375d18f8a,7d8a8e2b-853d-459c-8d37-0710dd16aceb,linkedin,paid_social,webinar_gestao,2025-09-04T02:32:35.015183
cb76f8f8-a890-4940-a4a2-95ca9d1490e5,7d8a8e2b-853d-459c-8d37-0710dd16aceb,linkedin,paid_social,webinar_gestao,2026-05-22T19:04:48.631645
61c14442-8bcf-420d-95b2-7f5cdaf0c5e3,7d8a8e2b-853d-459c-8d37-0710dd16aceb,linkedin,paid_social,webinar_gestao,2025-04-01T00:52:13.322715
711d9243-1e95-444c-9710-69a612bf5b19,7d8a8e2b-853d-459c-8d37-0710dd16aceb,linkedin,paid_social,webinar_gestao,2025-05-27T08:39:08.833613
4b9e7407-8437-49c0-9d5c-97eba8c60691,7d8a8e2b-853d-459c-8d37-0710dd16aceb,linkedin,paid_social,webinar_gestao,2025-05-16T17:03:11.466529
dc268eee-e512-4bf7-9621-4762a36626f4,7d8a8e2b-853d-459c-8d37-0710dd16aceb,linkedin,paid_social,webinar_gestao,2025-08-12T18:02:11.996495
6cc19657-0adb-4749-8f5b-2168f9954dd0,7d8a8e2b-853d-459c-8d37-0710dd16aceb,linkedin,paid_social,webinar_gestao,2026-02-03T17:44:24.676695
7a960f94-8d02-43c8-a45f-ad03c10befeb,7d8a8e2b-853d-459c-8d37-0710dd16aceb,linkedin,paid_social,webinar_gestao,2025-04-18T17:55:43.802037
0f86e8ee-36e8-4392-ab1d-51db0e8b8998,7d8a8e2b-853d-459c-8d37-0710dd16aceb,linkedin,paid_social,webinar_gestao,2025-11-18T19:17:09.353446
7e0b747f-032e-491c-93e3-3d40880e2349,7d8a8e2b-853d-459c-8d37-0710dd16aceb,linkedin,paid_social,webinar_gestao,2025-04-04T00:16:18.934669
ec0c91ea-ff14-4870-839d-29a01d236834,7d8a8e2b-853d-459c-8d37-0710dd16aceb,linkedin,paid_social,webinar_gestao,2025-06-07T04:40:38.777857
d72cc53a-8a2c-40a2-bc25-64673b5214e7,7d8a8e2b-853d-459c-8d37-0710dd16aceb,linkedin,paid_social,webinar_gestao,2025-08-16T15:00:03.036321
dc3c13bd-b253-4c42-8f3a-1f7d5ee1149d,7d8a8e2b-853d-459c-8d37-0710dd16aceb,linkedin,paid_social,webinar_gestao,2026-01-20T20:01:37.056094
40e3669b-5da9-4a79-bcbe-3d320d7c1e97,7d8a8e2b-853d-459c-8d37-0710dd16aceb,linkedin,paid_social,webinar_gestao,2025-10-20T19:27:55.411866
6eec5944-404b-4414-9384-6158a31efd59,7d8a8e2b-853d-459c-8d37-0710dd16aceb,linkedin,paid_social,webinar_gestao,2026-06-15T18:40:10.033330
349e6265-aaed-4372-a922-93452278bb67,7d8a8e2b-853d-459c-8d37-0710dd16aceb,linkedin,paid_social,webinar_gestao,2026-07-07T07:26:14.571441
95d0c677-ba1c-4bf8-9032-8ae7c123b382,7d8a8e2b-853d-459c-8d37-0710dd16aceb,linkedin,paid_social,webinar_gestao,2026-05-06T17:24:53.103025
a34fdb20-2aae-4d0b-b5c1-5f71ef2e2b8a,7d8a8e2b-853d-459c-8d37-0710dd16aceb,linkedin,paid_social,webinar_gestao,2026-07-13T11:58:38.910385
ab91ed3d-af84-490c-a14f-01b33313c2d3,7d8a8e2b-853d-459c-8d37-0710dd16aceb,linkedin,paid_social,webinar_gestao,2026-05-30T12:03:53.010956
61e9fcb0-fd20-40ac-b12b-659d295f86b4,7d8a8e2b-853d-459c-8d37-0710dd16aceb,linkedin,paid_social,webinar_gestao,2026-02-20T06:29:31.405555
73fbb5c3-63e7-46ec-9234-bcea3058862b,7d8a8e2b-853d-459c-8d37-0710dd16aceb,linkedin,paid_social,webinar_gestao,2025-10-03T20:22:51.489327
a10c999e-f6d1-4041-8e3c-3946bd928a2c,7d8a8e2b-853d-459c-8d37-0710dd16aceb,linkedin,paid_social,webinar_gestao,2026-08-10T23:40:06.151782
41c5e420-5585-4d1c-81a7-513d20bf5d38,7d8a8e2b-853d-459c-8d37-0710dd16aceb,linkedin,paid_social,webinar_gestao,2026-03-24T07:21:20.092973
a0605622-795b-4d92-b906-34301d188de1,7d8a8e2b-853d-459c-8d37-0710dd16aceb,linkedin,paid_social,webinar_gestao,2026-03-20T00:52:37.581388
de4caef0-4ebd-4fc5-90f6-560b7bb824de,7d8a8e2b-853d-459c-8d37-0710dd16aceb,linkedin,paid_social,webinar_gestao,2025-11-21T08:54:25.271968
e3c312f2-d76f-496f-86f7-2db866cdac1b,7d8a8e2b-853d-459c-8d37-0710dd16aceb,linkedin,paid_social,webinar_gestao,2026-07-29T23:26:57.021522
b573c716-7acc-4218-a81f-a50375d5a72b,7d8a8e2b-853d-459c-8d37-0710dd16aceb,linkedin,paid_social,webinar_gestao,2026-06-20T10:16:56.412651
a43355c2-94a6-4b66-8ae9-7adb680eae50,7d8a8e2b-853d-459c-8d37-0710dd16aceb,linkedin,paid_social,webinar_gestao,2026-01-17T12:17:05.433718
c900979b-9fda-42d9-b062-9312c4131203,7d8a8e2b-853d-459c-8d37-0710dd16aceb,linkedin,paid_social,webinar_gestao,2025-09-07T10:40:10.729408
bb7f30a1-3a0f-4527-aca7-1fb62ef23c1e,7d8a8e2b-853d-459c-8d37-0710dd16aceb,linkedin,paid_social,webinar_gestao,2025-10-05T06:12:11.932515
d171b838-64d2-4e3e-83db-228514be22da,7d8a8e2b-853d-459c-8d37-0710dd16aceb,linkedin,paid_social,webinar_gestao,2026-05-25T11:35:37.731925
081f673b-b228-491c-8df1-fd9eeb347f50,7d8a8e2b-853d-459c-8d37-0710dd16aceb,linkedin,paid_social,webinar_gestao,2026-06-22T12:32:35.166142
2f8519b7-1226-48c0-acca-1d09ed7566c0,7d8a8e2b-853d-459c-8d37-0710dd16aceb,linkedin,paid_social,webinar_gestao,2025-11-05T20:37:46.306279
54aab81a-c2d9-460d-b8f4-d4f17987fb94,7d8a8e2b-853d-459c-8d37-0710dd16aceb,linkedin,paid_social,webinar_gestao,2025-10-22T00:03:55.268059
833027c6-7365-4fae-9217-897263f00f39,7d8a8e2b-853d-459c-8d37-0710dd16aceb,linkedin,paid_social,webinar_gestao,2026-07-22T16:42:15.408180
20f507fc-425e-4ec9-b19d-a20c4b0a4dc1,7d8a8e2b-853d-459c-8d37-0710dd16aceb,linkedin,paid_social,webinar_gestao,2026-06-24T14:45:53.353207
fe7c7c1a-7f2d-480c-a78b-35ccee61696b,7d8a8e2b-853d-459c-8d37-0710dd16aceb,linkedin,paid_social,webinar_gestao,2025-10-13T15:12:12.130515
06486b90-42e2-499d-b351-fb0fbda5c510,7d8a8e2b-853d-459c-8d37-0710dd16aceb,linkedin,paid_social,webinar_gestao,2026-07-15T00:50:04.649364
e8627d73-8294-45d9-abde-0fc151ffef93,7d8a8e2b-853d-459c-8d37-0710dd16aceb,linkedin,paid_social,webinar_gestao,2025-08-27T06:21:24.448971
ecf7e33b-664f-422d-b934-3eab8d8ed9cc,7d8a8e2b-853d-459c-8d37-0710dd16aceb,linkedin,paid_social,webinar_gestao,2025-09-04T22:08:34.773285
a908679d-9407-4ea2-a9a0-3a4d36d7df40,7d8a8e2b-853d-459c-8d37-0710dd16aceb,linkedin,paid_social,webinar_gestao,2025-05-07T03:14:00.074862
c4cc11f2-5c0a-40a5-8a39-9d3451fb9dfd,7d8a8e2b-853d-459c-8d37-0710dd16aceb,linkedin,paid_social,webinar_gestao,2026-04-28T07:21:50.748594
83dfbcfd-536e-467c-854b-34e994545843,7d8a8e2b-853d-459c-8d37-0710dd16aceb,linkedin,paid_social,webinar_gestao,2025-05-10T04:19:36.485411
7ce6bb7d-efbf-479f-9fa9-375fc693d199,7d8a8e2b-853d-459c-8d37-0710dd16aceb,linkedin,paid_social,webinar_gestao,2025-03-28T12:02:11.266698
dd41ed16-1cf5-41c4-9bca-3b3de90b9e4c,7d8a8e2b-853d-459c-8d37-0710dd16aceb,linkedin,paid_social,webinar_gestao,2026-02-23T10:57:07.636485
79d1c202-0ffd-4c54-bcaf-d9e56855fad7,7d8a8e2b-853d-459c-8d37-0710dd16aceb,linkedin,paid_social,webinar_gestao,2025-12-20T18:59:36.340385
630d6a91-d641-4598-96e8-3e75ad2d6b85,7d8a8e2b-853d-459c-8d37-0710dd16aceb,linkedin,paid_social,webinar_gestao,2025-08-15T08:02:52.214278
76c6c11b-627e-4de9-a016-ac19e2e08ea5,7d8a8e2b-853d-459c-8d37-0710dd16aceb,linkedin,paid_social,webinar_gestao,2026-05-24T07:25:15.543524
2db973a9-8539-4f6d-9e4f-1aa4b5ea961b,7d8a8e2b-853d-459c-8d37-0710dd16aceb,linkedin,paid_social,webinar_gestao,2025-10-11T01:48:31.898808
ab6b9db3-5bae-40b8-b9e0-0467e61aec4f,7d8a8e2b-853d-459c-8d37-0710dd16aceb,linkedin,paid_social,webinar_gestao,2025-12-04T13:04:26.946748
3036550a-d4b3-4348-a653-27bd90ba903d,7d8a8e2b-853d-459c-8d37-0710dd16aceb,linkedin,paid_social,webinar_gestao,2025-12-13T00:25:36.644873
eaef35d2-5496-40f5-989e-a6864debf604,7d8a8e2b-853d-459c-8d37-0710dd16aceb,linkedin,paid_social,webinar_gestao,2025-11-02T12:22:28.267664
bc7ac776-2f8e-4e78-a1b3-373379883a3e,7d8a8e2b-853d-459c-8d37-0710dd16aceb,linkedin,paid_social,webinar_gestao,2026-02-23T11:31:05.395674
d1a55b5a-7c6f-45d0-9be3-877fa5f42268,7d8a8e2b-853d-459c-8d37-0710dd16aceb,linkedin,paid_social,webinar_gestao,2025-06-22T21:59:38.174506
3335e4f1-a3ce-4011-80a8-cfffe1aee95e,7d8a8e2b-853d-459c-8d37-0710dd16aceb,linkedin,paid_social,webinar_gestao,2026-02-23T23:43:39.572627
677bfc33-b2f8-46f9-ab7a-e59a4db3f198,7d8a8e2b-853d-459c-8d37-0710dd16aceb,linkedin,paid_social,webinar_gestao,2026-08-02T01:31:39.300628
9c8b2ec7-d916-4ef9-9f22-d60222cef065,7d8a8e2b-853d-459c-8d37-0710dd16aceb,linkedin,paid_social,webinar_gestao,2025-07-30T22:13:29.926154
5e4ca73f-47f2-4851-8bed-43b6a4061675,7d8a8e2b-853d-459c-8d37-0710dd16aceb,linkedin,paid_social,webinar_gestao,2026-02-19T09:39:20.936991
5a24aaee-5e52-4919-a7fb-4af77d0a70d3,7d8a8e2b-853d-459c-8d37-0710dd16aceb,linkedin,paid_social,webinar_gestao,2025-10-05T10:39:45.931377
d1f41b63-81c0-463a-a1d4-b285be72ea69,7d8a8e2b-853d-459c-8d37-0710dd16aceb,linkedin,paid_social,webinar_gestao,2026-02-22T22:15:46.625092
e3e56e4b-9481-4cbf-80f6-2c92470e7c3c,7d8a8e2b-853d-459c-8d37-0710dd16aceb,linkedin,paid_social,webinar_gestao,2026-02-06T13:02:00.745388
d1545718-68be-4ddc-8aab-ff6abee3a70d,7d8a8e2b-853d-459c-8d37-0710dd16aceb,linkedin,paid_social,webinar_gestao,2025-09-28T00:27:38.991388
43a5b737-a5c8-4ce2-a97b-993b7a119542,7d8a8e2b-853d-459c-8d37-0710dd16aceb,linkedin,paid_social,webinar_gestao,2025-09-14T23:59:12.681474
c1e9ab16-cf67-4806-8af7-707729d49246,7d8a8e2b-853d-459c-8d37-0710dd16aceb,linkedin,paid_social,webinar_gestao,2025-09-30T21:47:06.266959
f5091264-46fc-4046-9101-7e8b791536ba,7d8a8e2b-853d-459c-8d37-0710dd16aceb,linkedin,paid_social,webinar_gestao,2026-04-24T19:20:29.709879
6948a6e8-b79d-49e9-b4fb-94022f8c264f,7d8a8e2b-853d-459c-8d37-0710dd16aceb,linkedin,paid_social,webinar_gestao,2025-12-18T21:17:46.963767
dce37ff5-a9ac-4144-9271-fd716e3ed4c9,7d8a8e2b-853d-459c-8d37-0710dd16aceb,linkedin,paid_social,webinar_gestao,2026-01-21T14:04:31.573981
3d46d39d-35be-4c9a-809f-122fe96da522,7d8a8e2b-853d-459c-8d37-0710dd16aceb,linkedin,paid_social,webinar_gestao,2026-07-25T01:36:21.709402
f7c8e4a8-7efd-4f79-9cc3-7222f8b12a81,7d8a8e2b-853d-459c-8d37-0710dd16aceb,linkedin,paid_social,webinar_gestao,2025-11-16T13:12:24.096557
d9444c6f-7ba3-4d08-bb67-cc36af3f7a47,7d8a8e2b-853d-459c-8d37-0710dd16aceb,linkedin,paid_social,webinar_gestao,2025-05-08T01:32:43.297199
e8227767-e5d5-4d63-84df-caad33b71630,7d8a8e2b-853d-459c-8d37-0710dd16aceb,linkedin,paid_social,webinar_gestao,2026-04-30T09:45:08.061713
378bda44-7d3f-4631-8d61-a5f447b7b657,7d8a8e2b-853d-459c-8d37-0710dd16aceb,linkedin,paid_social,webinar_gestao,2025-06-02T23:10:01.636518
5585272e-e299-423a-9de2-925b0599495d,7d8a8e2b-853d-459c-8d37-0710dd16aceb,linkedin,paid_social,webinar_gestao,2025-12-16T04:21:24.264175
cd1ea822-2dcd-461e-affc-c6cd72708e8a,7d8a8e2b-853d-459c-8d37-0710dd16aceb,linkedin,paid_social,webinar_gestao,2026-06-03T15:40:47.436731
d64701fc-10a2-435e-8152-03f908e41f1c,7d8a8e2b-853d-459c-8d37-0710dd16aceb,linkedin,paid_social,webinar_gestao,2025-11-07T16:17:40.273813
280f4470-c902-49e6-ab5e-bd23d7ab125c,7d8a8e2b-853d-459c-8d37-0710dd16aceb,linkedin,paid_social,webinar_gestao,2026-04-11T05:04:12.950445
3d2aee3a-311d-4fbb-a9b1-ae7bbea8e8e3,7d8a8e2b-853d-459c-8d37-0710dd16aceb,linkedin,paid_social,webinar_gestao,2025-11-30T20:45:09.113854
34030071-bdfd-45d1-a1fa-5ecd1623620b,7d8a8e2b-853d-459c-8d37-0710dd16aceb,linkedin,paid_social,webinar_gestao,2026-05-21T07:05:21.016614
e6f4b5e9-721a-4784-b20e-4b1634168aa3,7d8a8e2b-853d-459c-8d37-0710dd16aceb,linkedin,paid_social,webinar_gestao,2025-06-09T09:10:30.178953
24c9f009-52a8-49bb-bd51-3175e768855b,7d8a8e2b-853d-459c-8d37-0710dd16aceb,linkedin,paid_social,webinar_gestao,2025-06-15T20:30:00.024337
2851820f-3369-4b89-a91a-3806073c6ccc,7d8a8e2b-853d-459c-8d37-0710dd16aceb,linkedin,paid_social,webinar_gestao,2026-06-29T09:23:12.950249
da216025-58a5-4903-9f36-57c51ed0d27a,7d8a8e2b-853d-459c-8d37-0710dd16aceb,linkedin,paid_social,webinar_gestao,2025-09-03T21:21:29.087259
743f22b1-da78-4d1a-aa65-730df0eba596,7d8a8e2b-853d-459c-8d37-0710dd16aceb,linkedin,paid_social,webinar_gestao,2026-02-02T10:49:10.604701
30aeca24-cd12-4e11-86d4-0145a555d0c4,7d8a8e2b-853d-459c-8d37-0710dd16aceb,linkedin,paid_social,webinar_gestao,2025-08-21T19:23:42.271331
82c6fdfe-3ecf-48bb-9bc1-0cefe6547d3a,7d8a8e2b-853d-459c-8d37-0710dd16aceb,linkedin,paid_social,webinar_gestao,2026-01-30T09:07:17.569282
e26802f5-7e56-449e-93fd-a09a13d3d3ad,7d8a8e2b-853d-459c-8d37-0710dd16aceb,linkedin,paid_social,webinar_gestao,2026-07-20T14:09:03.543002
f08b0fd8-e0ec-4684-a4a9-15986dc88d0a,7d8a8e2b-853d-459c-8d37-0710dd16aceb,linkedin,paid_social,webinar_gestao,2025-07-26T23:48:07.592020
2b45726b-11f7-4eed-8eab-b41673b4e7e7,7d8a8e2b-853d-459c-8d37-0710dd16aceb,linkedin,paid_social,webinar_gestao,2025-11-19T23:13:45.678291
f00fe947-622a-4d94-a379-fc1339502037,7d8a8e2b-853d-459c-8d37-0710dd16aceb,linkedin,paid_social,webinar_gestao,2025-03-24T02:57:54.406461
2ced0088-c8c0-493f-8d9f-573eb7ab4514,7d8a8e2b-853d-459c-8d37-0710dd16aceb,linkedin,paid_social,webinar_gestao,2025-07-12T12:52:53.716058
2dda8a80-d97c-479a-a546-948302747af3,7d8a8e2b-853d-459c-8d37-0710dd16aceb,linkedin,paid_social,webinar_gestao,2026-07-03T10:05:10.259210
bd4d7cde-76bd-47a7-ab94-fe5909b6aad0,7d8a8e2b-853d-459c-8d37-0710dd16aceb,linkedin,paid_social,webinar_gestao,2025-10-05T04:49:40.194883
5816ff23-52a3-45a6-8868-86418c630f0b,7d8a8e2b-853d-459c-8d37-0710dd16aceb,linkedin,paid_social,webinar_gestao,2026-01-19T23:07:23.648790
25f8700e-8aa3-4171-b8fe-25ade4015212,7d8a8e2b-853d-459c-8d37-0710dd16aceb,linkedin,paid_social,webinar_gestao,2025-04-17T18:45:30.009677
8dc305f6-bd72-479c-a567-310af1a3d5a5,7d8a8e2b-853d-459c-8d37-0710dd16aceb,linkedin,paid_social,webinar_gestao,2025-05-27T12:13:48.726916
884ba42e-5945-430a-b28f-9007b0d56fc8,7d8a8e2b-853d-459c-8d37-0710dd16aceb,linkedin,paid_social,webinar_gestao,2025-08-05T21:34:19.248046
b3a9d3fd-391d-4be0-88fb-ca7e890d4768,7d8a8e2b-853d-459c-8d37-0710dd16aceb,linkedin,paid_social,webinar_gestao,2026-08-18T18:10:56.768320
9012d5e6-3d22-4daf-bd9c-fcf660ad2878,7d8a8e2b-853d-459c-8d37-0710dd16aceb,linkedin,paid_social,webinar_gestao,2026-01-01T14:07:41.533634
5425dae2-5083-473d-a981-ba7eb8a60b05,7d8a8e2b-853d-459c-8d37-0710dd16aceb,linkedin,paid_social,webinar_gestao,2025-09-17T21:23:22.924630
02c5b841-0ef9-4d61-9954-90329fedfbd0,7d8a8e2b-853d-459c-8d37-0710dd16aceb,linkedin,paid_social,webinar_gestao,2026-04-07T06:23:46.924347
12c82e96-31c5-4f8a-b246-e5d3f73c891a,7d8a8e2b-853d-459c-8d37-0710dd16aceb,linkedin,paid_social,webinar_gestao,2026-04-18T11:38:02.450567
b910671a-9777-48b0-a344-685d247356ee,7d8a8e2b-853d-459c-8d37-0710dd16aceb,linkedin,paid_social,webinar_gestao,2025-11-30T03:08:22.284945
6d225133-6adc-41c1-b193-744424e9f2fc,7d8a8e2b-853d-459c-8d37-0710dd16aceb,linkedin,paid_social,webinar_gestao,2026-03-27T07:01:05.948806
fd38300e-73e7-4c0f-aec9-b0ca24740312,7d8a8e2b-853d-459c-8d37-0710dd16aceb,linkedin,paid_social,webinar_gestao,2026-05-10T03:39:15.020507
0b2df58c-dbaa-4fad-ad60-6030ba1b88e2,7d8a8e2b-853d-459c-8d37-0710dd16aceb,linkedin,paid_social,webinar_gestao,2026-05-05T10:03:47.550210
9c6db0bf-9d5b-45c1-9b8c-503b640816b0,7d8a8e2b-853d-459c-8d37-0710dd16aceb,linkedin,paid_social,webinar_gestao,2026-04-02T20:25:18.600526
6a205b11-9550-4d8b-bd33-7e347381f2ef,7d8a8e2b-853d-459c-8d37-0710dd16aceb,linkedin,paid_social,webinar_gestao,2026-04-06T22:49:21.412496
26af5d38-bd00-4978-bf39-54d65cb79848,7d8a8e2b-853d-459c-8d37-0710dd16aceb,linkedin,paid_social,webinar_gestao,2026-04-17T23:31:05.612129
73f13e0f-a561-465e-92c9-d90fc78c9cda,0d94cb37-da80-4c10-ade4-4fa0eb11fd99,meta,paid_social,case_cliente,2025-10-16T15:29:08.694993
442c8c74-86c2-495a-b90a-329205f5ddee,0d94cb37-da80-4c10-ade4-4fa0eb11fd99,meta,paid_social,case_cliente,2025-03-30T18:42:32.520681
d1c9a699-8a8d-4aba-a521-8e570cc29d81,0d94cb37-da80-4c10-ade4-4fa0eb11fd99,meta,paid_social,case_cliente,2026-01-23T21:40:33.775422
359b431e-9342-4e55-a407-ad61811f0f66,0d94cb37-da80-4c10-ade4-4fa0eb11fd99,meta,paid_social,case_cliente,2026-07-03T17:33:50.096865
123d6c35-9140-4b0d-9eb5-264bf0c4a06a,0d94cb37-da80-4c10-ade4-4fa0eb11fd99,meta,paid_social,case_cliente,2026-06-12T19:16:59.008542
1b4739c6-c73c-42b3-beb4-64ff84aa67ce,0d94cb37-da80-4c10-ade4-4fa0eb11fd99,meta,paid_social,case_cliente,2025-07-12T04:49:28.453919
116a1072-346a-4f51-9035-66f79dbaed94,0d94cb37-da80-4c10-ade4-4fa0eb11fd99,meta,paid_social,case_cliente,2026-02-13T14:54:54.989037
8de6f242-1f16-4857-8fca-58c479fa98ce,0d94cb37-da80-4c10-ade4-4fa0eb11fd99,meta,paid_social,case_cliente,2026-06-12T22:24:34.559549
9f2e8b7b-19c0-4a94-9f72-765c6ec33da9,0d94cb37-da80-4c10-ade4-4fa0eb11fd99,meta,paid_social,case_cliente,2025-12-01T20:30:26.209299
b143a1eb-630c-433f-86cf-704d450ed5bf,0d94cb37-da80-4c10-ade4-4fa0eb11fd99,meta,paid_social,case_cliente,2026-05-23T09:12:18.197466
24ffcedb-e3ba-4e38-b87d-bd4504840849,0d94cb37-da80-4c10-ade4-4fa0eb11fd99,meta,paid_social,case_cliente,2026-05-13T11:03:59.635875
bc25a108-a798-4539-8f46-ee4464689154,0d94cb37-da80-4c10-ade4-4fa0eb11fd99,meta,paid_social,case_cliente,2025-06-07T02:19:58.764515
883d85e4-1f14-4855-ab02-906eb158ae0a,0d94cb37-da80-4c10-ade4-4fa0eb11fd99,meta,paid_social,case_cliente,2025-05-05T13:42:27.363771
79c87d49-ebda-4508-9205-4d6a68d58ac6,0d94cb37-da80-4c10-ade4-4fa0eb11fd99,meta,paid_social,case_cliente,2026-05-21T18:23:43.949213
5f1c4768-83bd-4d0c-b75c-0379680ded73,0d94cb37-da80-4c10-ade4-4fa0eb11fd99,meta,paid_social,case_cliente,2026-04-16T14:50:55.921645
a5a451de-a1e4-4250-80cd-81f5e1868b0d,0d94cb37-da80-4c10-ade4-4fa0eb11fd99,meta,paid_social,case_cliente,2026-03-06T07:35:17.063299
86006fb8-1b47-433b-babd-c71f6eec03b3,0d94cb37-da80-4c10-ade4-4fa0eb11fd99,meta,paid_social,case_cliente,2025-05-10T23:27:37.839752
09953914-f718-48f3-92fa-acbf1931286c,0d94cb37-da80-4c10-ade4-4fa0eb11fd99,meta,paid_social,case_cliente,2025-09-08T11:22:45.253551
84e39655-fb4c-4657-91bb-15d5aee5dc07,0d94cb37-da80-4c10-ade4-4fa0eb11fd99,meta,paid_social,case_cliente,2025-09-18T11:17:59.991608
d1380ee2-1d0f-4303-8c35-2443a2ca33bb,0d94cb37-da80-4c10-ade4-4fa0eb11fd99,meta,paid_social,case_cliente,2026-05-04T18:20:52.597104
62e58be8-6b82-452c-a889-39d0245dfb80,0d94cb37-da80-4c10-ade4-4fa0eb11fd99,meta,paid_social,case_cliente,2025-11-19T08:13:44.192211
233e8713-ed58-45b0-8d52-8c183f06c0da,0d94cb37-da80-4c10-ade4-4fa0eb11fd99,meta,paid_social,case_cliente,2025-11-11T15:07:56.971667
de6d4a20-d921-4104-b94d-fa4db952fd74,0d94cb37-da80-4c10-ade4-4fa0eb11fd99,meta,paid_social,case_cliente,2025-08-22T15:53:38.144191
f699a2f3-b668-4d74-a17f-520d95e79484,0d94cb37-da80-4c10-ade4-4fa0eb11fd99,meta,paid_social,case_cliente,2025-09-22T06:27:36.031666
6c842578-a9f4-4daf-a3aa-69bca976f3e0,0d94cb37-da80-4c10-ade4-4fa0eb11fd99,meta,paid_social,case_cliente,2025-06-02T13:50:42.515337
0bbc11fc-b502-4f22-aba2-8df0f06b8b31,0d94cb37-da80-4c10-ade4-4fa0eb11fd99,meta,paid_social,case_cliente,2026-04-10T04:07:31.673886
343b7fa6-334b-44af-80e9-0d418eed4b47,0d94cb37-da80-4c10-ade4-4fa0eb11fd99,meta,paid_social,case_cliente,2025-10-27T13:23:09.019098
5fd862a5-e680-49cf-883f-176204991e03,0d94cb37-da80-4c10-ade4-4fa0eb11fd99,meta,paid_social,case_cliente,2025-05-05T06:53:33.689155
086a2637-2463-4539-86cc-c1f4d88d9111,0d94cb37-da80-4c10-ade4-4fa0eb11fd99,meta,paid_social,case_cliente,2025-04-14T12:07:40.738680
29576739-6d1a-48bd-80e6-ec6a06800861,0d94cb37-da80-4c10-ade4-4fa0eb11fd99,meta,paid_social,case_cliente,2025-07-28T07:14:46.404221
44abddac-4304-4483-9f7d-c7845870b303,0d94cb37-da80-4c10-ade4-4fa0eb11fd99,meta,paid_social,case_cliente,2026-06-29T12:13:12.022696
5456ddaa-cb42-4a1e-88c2-eff18da012d0,0d94cb37-da80-4c10-ade4-4fa0eb11fd99,meta,paid_social,case_cliente,2025-12-22T17:16:37.362874
3a903dc1-2c2d-493c-81eb-aea9e77922d3,0d94cb37-da80-4c10-ade4-4fa0eb11fd99,meta,paid_social,case_cliente,2026-04-23T03:05:16.170728
576227d7-6e59-494c-91f7-17fec728fe7f,0d94cb37-da80-4c10-ade4-4fa0eb11fd99,meta,paid_social,case_cliente,2025-11-26T15:58:28.064200
a51c6435-41d3-4dac-87f8-a1f47eaa8fc9,0d94cb37-da80-4c10-ade4-4fa0eb11fd99,meta,paid_social,case_cliente,2026-02-08T04:49:49.368251
854b9522-0b9d-4d2c-a1a0-de42ddfd8a75,0d94cb37-da80-4c10-ade4-4fa0eb11fd99,meta,paid_social,case_cliente,2025-08-22T11:04:43.910854
af536b43-914e-4b92-8c0a-df60b1451f67,0d94cb37-da80-4c10-ade4-4fa0eb11fd99,meta,paid_social,case_cliente,2025-09-06T02:35:33.751319
af47ffb5-1d42-44f6-bad0-ed6aa71bf1e3,0d94cb37-da80-4c10-ade4-4fa0eb11fd99,meta,paid_social,case_cliente,2025-09-10T23:48:14.362522
89d7723c-2589-4f10-bc6e-93e3a6aa6e6f,0d94cb37-da80-4c10-ade4-4fa0eb11fd99,meta,paid_social,case_cliente,2026-05-07T05:48:14.697824
a5b07e2a-6b22-4723-82a4-d4d0c37e83a8,0d94cb37-da80-4c10-ade4-4fa0eb11fd99,meta,paid_social,case_cliente,2026-03-17T09:47:46.459948
1653dad9-7c42-44d0-b204-27a4cc1426ad,0d94cb37-da80-4c10-ade4-4fa0eb11fd99,meta,paid_social,case_cliente,2026-08-16T10:57:39.234001
7cbeb13e-0779-47da-9ef3-fd4e4011f1ab,0d94cb37-da80-4c10-ade4-4fa0eb11fd99,meta,paid_social,case_cliente,2025-12-11T11:51:28.765167
da7d8e2e-6dd0-4f95-afbd-9b73fcfd3dfc,0d94cb37-da80-4c10-ade4-4fa0eb11fd99,meta,paid_social,case_cliente,2025-07-03T02:51:56.174046
b3a7e4e6-dee1-4402-b90a-2c9170685440,0d94cb37-da80-4c10-ade4-4fa0eb11fd99,meta,paid_social,case_cliente,2026-08-18T08:32:30.976747
60c2167d-1718-4dd0-b2d2-4136ab313ff7,0d94cb37-da80-4c10-ade4-4fa0eb11fd99,meta,paid_social,case_cliente,2025-07-05T04:31:21.663243
6887a4c8-15ad-47fe-9d42-9cab8e6ec0ed,0d94cb37-da80-4c10-ade4-4fa0eb11fd99,meta,paid_social,case_cliente,2025-06-28T14:05:49.327152
739fb7ba-9563-4a7d-97e5-751fa60edc6c,0d94cb37-da80-4c10-ade4-4fa0eb11fd99,meta,paid_social,case_cliente,2026-02-07T05:44:36.651928
ee898fc4-14ff-4ee4-8263-1615a0d19384,0d94cb37-da80-4c10-ade4-4fa0eb11fd99,meta,paid_social,case_cliente,2026-08-05T21:11:56.012318
5bc8af95-308c-4fa8-a9f2-ae23f6d330df,0d94cb37-da80-4c10-ade4-4fa0eb11fd99,meta,paid_social,case_cliente,2025-04-23T03:12:09.025667
aab2bf93-f4e2-4cb4-b93b-d6e2aad610fd,0d94cb37-da80-4c10-ade4-4fa0eb11fd99,meta,paid_social,case_cliente,2026-04-12T20:31:44.131448
7ce6650f-7869-4dd2-93da-7f65a7c81d64,0d94cb37-da80-4c10-ade4-4fa0eb11fd99,meta,paid_social,case_cliente,2025-08-27T07:17:05.230422
554cda43-1b11-4424-afdf-79fbd601378c,0d94cb37-da80-4c10-ade4-4fa0eb11fd99,meta,paid_social,case_cliente,2025-11-10T13:27:29.211622
1878a66c-912f-49b1-97eb-c8769981514a,0d94cb37-da80-4c10-ade4-4fa0eb11fd99,meta,paid_social,case_cliente,2025-04-06T15:03:58.490696
b99b6cfd-bf4e-48af-a5ef-5553f23f042f,0d94cb37-da80-4c10-ade4-4fa0eb11fd99,meta,paid_social,case_cliente,2026-08-10T00:04:50.565941
9b4d96c2-794b-43ef-8038-e5ab7befe076,0d94cb37-da80-4c10-ade4-4fa0eb11fd99,meta,paid_social,case_cliente,2026-03-15T08:09:03.098057
0bd41742-3cbb-4954-8bca-930018c4e642,0d94cb37-da80-4c10-ade4-4fa0eb11fd99,meta,paid_social,case_cliente,2025-12-23T01:53:19.219954
644530bc-8671-4e45-9f05-c5a45989b1b2,0d94cb37-da80-4c10-ade4-4fa0eb11fd99,meta,paid_social,case_cliente,2026-06-07T08:04:09.689477
78916908-06d9-4d34-955a-f5539535497f,0d94cb37-da80-4c10-ade4-4fa0eb11fd99,meta,paid_social,case_cliente,2025-12-06T05:45:28.968314
83b5e62a-18b0-4c25-b75d-18e1f2028f7c,0d94cb37-da80-4c10-ade4-4fa0eb11fd99,meta,paid_social,case_cliente,2025-08-06T05:57:10.610741
3109deaa-6a61-43e2-886c-d75d971aa931,0d94cb37-da80-4c10-ade4-4fa0eb11fd99,meta,paid_social,case_cliente,2025-04-26T15:42:12.521388
117fadf1-b857-4a7c-bde2-5bd5dbe21ca1,0d94cb37-da80-4c10-ade4-4fa0eb11fd99,meta,paid_social,case_cliente,2025-09-20T03:28:58.042553
2bf65d79-48e1-4f1f-b7de-6677d97f7183,0d94cb37-da80-4c10-ade4-4fa0eb11fd99,meta,paid_social,case_cliente,2025-04-20T02:30:17.314243
7687a767-5319-4064-9196-785cb0e90b92,0d94cb37-da80-4c10-ade4-4fa0eb11fd99,meta,paid_social,case_cliente,2026-07-01T00:44:51.122078
3d84bfe3-3d63-4398-ab4f-6052b6a40df3,0d94cb37-da80-4c10-ade4-4fa0eb11fd99,meta,paid_social,case_cliente,2025-06-17T20:07:07.078258
6627d3e3-4312-42f0-9956-354fd68d8024,0d94cb37-da80-4c10-ade4-4fa0eb11fd99,meta,paid_social,case_cliente,2026-01-03T02:32:56.670031
d06d0c76-3a7c-421a-9f7d-85a11135019b,0d94cb37-da80-4c10-ade4-4fa0eb11fd99,meta,paid_social,case_cliente,2026-07-26T14:28:59.188903
fb70773b-f231-4001-b898-2aa76cef291d,0d94cb37-da80-4c10-ade4-4fa0eb11fd99,meta,paid_social,case_cliente,2026-05-06T22:37:59.042042
df2d6cb7-68f0-446d-ac75-9bae163ff880,0d94cb37-da80-4c10-ade4-4fa0eb11fd99,meta,paid_social,case_cliente,2026-01-06T22:39:19.029817
e7762086-8e96-4069-902c-df1c39d7c617,0d94cb37-da80-4c10-ade4-4fa0eb11fd99,meta,paid_social,case_cliente,2025-12-09T13:11:44.059189
65c791c9-6f39-46be-9f74-b273c8250f63,0d94cb37-da80-4c10-ade4-4fa0eb11fd99,meta,paid_social,case_cliente,2026-03-30T03:56:22.668834
7350aae2-cf4c-4aa7-a64a-f59d68ded131,0d94cb37-da80-4c10-ade4-4fa0eb11fd99,meta,paid_social,case_cliente,2025-12-20T11:21:35.425578
a16131b6-0d12-4a3a-be96-9f4d9257f73f,0d94cb37-da80-4c10-ade4-4fa0eb11fd99,meta,paid_social,case_cliente,2025-08-12T12:23:16.239485
2cccabdd-e727-44eb-b916-484e55b316aa,0d94cb37-da80-4c10-ade4-4fa0eb11fd99,meta,paid_social,case_cliente,2025-03-24T14:02:23.041132
446bec40-8ad3-4ea5-b8e7-815beddeccfc,0d94cb37-da80-4c10-ade4-4fa0eb11fd99,meta,paid_social,case_cliente,2025-05-29T13:14:30.985159
2caf6b26-0f81-4cf3-95b1-9c726eb8d952,0d94cb37-da80-4c10-ade4-4fa0eb11fd99,meta,paid_social,case_cliente,2025-09-28T02:21:05.821575
4c491f19-a6d6-4828-b392-bc3790964acc,0d94cb37-da80-4c10-ade4-4fa0eb11fd99,meta,paid_social,case_cliente,2026-08-05T11:48:14.343148
5941043d-cfaa-469b-b069-f37185c86b22,0d94cb37-da80-4c10-ade4-4fa0eb11fd99,meta,paid_social,case_cliente,2025-09-21T14:33:00.444432
aaeb07b8-adad-42b3-8468-b2d287942ded,0d94cb37-da80-4c10-ade4-4fa0eb11fd99,meta,paid_social,case_cliente,2026-05-28T22:45:44.710456
dbfdeeea-2e5c-47ea-ade8-4efe88436ecf,0d94cb37-da80-4c10-ade4-4fa0eb11fd99,meta,paid_social,case_cliente,2025-10-14T06:29:51.562228
c02c27d4-0954-48e4-8169-8bbb70af3aae,0d94cb37-da80-4c10-ade4-4fa0eb11fd99,meta,paid_social,case_cliente,2026-02-20T04:23:19.695226
510f2511-e8b6-46cc-a246-b72f4ce42507,0d94cb37-da80-4c10-ade4-4fa0eb11fd99,meta,paid_social,case_cliente,2025-12-10T06:40:54.384226
260069ab-c83f-4461-b71f-87acafc65205,0d94cb37-da80-4c10-ade4-4fa0eb11fd99,meta,paid_social,case_cliente,2026-05-30T04:01:09.600827
c8db6b62-e4d9-4236-9165-e9a285d9a3ab,0d94cb37-da80-4c10-ade4-4fa0eb11fd99,meta,paid_social,case_cliente,2025-05-04T20:19:21.626216
0c894a71-4280-4e76-a926-02abd5ae863d,0d94cb37-da80-4c10-ade4-4fa0eb11fd99,meta,paid_social,case_cliente,2025-06-28T06:32:36.251747
dd10510b-0275-4a98-9f15-86412a168f86,0d94cb37-da80-4c10-ade4-4fa0eb11fd99,meta,paid_social,case_cliente,2025-11-12T12:36:07.658968
49bd5c77-3d0a-449b-a509-97e5d6ab2e56,0d94cb37-da80-4c10-ade4-4fa0eb11fd99,meta,paid_social,case_cliente,2026-06-28T16:52:03.096826
b8cdd467-c2af-414a-b7b3-f53832caeb48,0d94cb37-da80-4c10-ade4-4fa0eb11fd99,meta,paid_social,case_cliente,2026-05-01T11:29:56.791306
65c6cad2-aa41-4446-8df8-08213dd333e1,0d94cb37-da80-4c10-ade4-4fa0eb11fd99,meta,paid_social,case_cliente,2025-11-09T11:16:42.116127
da17cc3d-9bcb-44c6-adf5-edbb45edebd9,0d94cb37-da80-4c10-ade4-4fa0eb11fd99,meta,paid_social,case_cliente,2025-07-29T18:28:17.059090
c7d9c067-d4f7-4423-a97c-dcb65142c089,0d94cb37-da80-4c10-ade4-4fa0eb11fd99,meta,paid_social,case_cliente,2026-04-15T13:58:39.097878
27f85b94-2469-42f8-b01f-4056f3235908,0d94cb37-da80-4c10-ade4-4fa0eb11fd99,meta,paid_social,case_cliente,2025-07-11T10:47:28.389986
7194adf3-7872-4fe0-b334-1b3fad480a7c,0d94cb37-da80-4c10-ade4-4fa0eb11fd99,meta,paid_social,case_cliente,2026-05-02T09:02:22.864139
f9c7fbc9-7317-4f30-a7a9-abfe5b2e9522,0d94cb37-da80-4c10-ade4-4fa0eb11fd99,meta,paid_social,case_cliente,2026-07-13T10:14:35.835475
4439b4c4-fac0-4d36-b90d-00a94026e0a4,0d94cb37-da80-4c10-ade4-4fa0eb11fd99,meta,paid_social,case_cliente,2025-06-13T18:44:00.099304
1f67505e-f6d8-4593-ad3b-82551c4ee2f0,0d94cb37-da80-4c10-ade4-4fa0eb11fd99,meta,paid_social,case_cliente,2025-05-27T07:57:18.864226
d82cdfce-f8a1-4025-aad2-57cc4f92ba4f,0d94cb37-da80-4c10-ade4-4fa0eb11fd99,meta,paid_social,case_cliente,2025-05-27T15:43:19.964144
a6365268-7241-40ae-b3b6-b09c102871ca,0d94cb37-da80-4c10-ade4-4fa0eb11fd99,meta,paid_social,case_cliente,2025-06-28T11:16:47.616640
e180c3fe-92c5-40bf-8f53-f816ff2e2db8,0d94cb37-da80-4c10-ade4-4fa0eb11fd99,meta,paid_social,case_cliente,2025-08-20T11:25:47.620941
f830c888-47c3-4832-8569-77bbf74fa655,0d94cb37-da80-4c10-ade4-4fa0eb11fd99,meta,paid_social,case_cliente,2025-11-03T10:54:27.565144
889b2548-b0e9-42e2-a4b4-5d025e7d8607,0d94cb37-da80-4c10-ade4-4fa0eb11fd99,meta,paid_social,case_cliente,2026-01-01T18:12:29.639842
a2a1516a-9e58-4a81-87fc-af0a9387f9ae,0d94cb37-da80-4c10-ade4-4fa0eb11fd99,meta,paid_social,case_cliente,2025-11-15T22:01:26.821057
3f8d542e-ce61-46e8-aa5f-7a60cfad047e,0d94cb37-da80-4c10-ade4-4fa0eb11fd99,meta,paid_social,case_cliente,2026-02-24T21:37:03.455152
6fb63932-be7e-4dc9-9b1f-9d43bd6d1904,0d94cb37-da80-4c10-ade4-4fa0eb11fd99,meta,paid_social,case_cliente,2025-05-18T17:45:06.542076
4d5beeb7-1c3a-4f58-b3b6-8165bfc6606d,0d94cb37-da80-4c10-ade4-4fa0eb11fd99,meta,paid_social,case_cliente,2026-02-01T20:40:39.369831
733ef233-8454-4ae8-8c36-0cd5e8a519de,0d94cb37-da80-4c10-ade4-4fa0eb11fd99,meta,paid_social,case_cliente,2026-04-30T08:40:49.607467
fe1392f6-f033-4bac-80cf-129998e5f83c,0d94cb37-da80-4c10-ade4-4fa0eb11fd99,meta,paid_social,case_cliente,2025-09-23T17:45:19.222336
9a8b446c-74a7-4650-b2f4-0c3f3bd331a6,0d94cb37-da80-4c10-ade4-4fa0eb11fd99,meta,paid_social,case_cliente,2025-05-09T12:36:33.968874
474a02c5-13f0-45b6-99d7-aefa2aee17ad,0d94cb37-da80-4c10-ade4-4fa0eb11fd99,meta,paid_social,case_cliente,2025-12-01T20:49:57.847767
ac8fac0e-87bd-4d7e-a21c-76a2ed29e38c,0d94cb37-da80-4c10-ade4-4fa0eb11fd99,meta,paid_social,case_cliente,2025-08-23T17:45:34.984797
5accb038-23ce-4f0a-bb86-fd64986a9fb0,0d94cb37-da80-4c10-ade4-4fa0eb11fd99,meta,paid_social,case_cliente,2025-08-31T05:42:38.558910
769786b4-e2ce-4614-92ad-818d1ca3e5f7,0d94cb37-da80-4c10-ade4-4fa0eb11fd99,meta,paid_social,case_cliente,2025-08-02T08:20:53.291878
f30f8d60-5bd1-45d1-831c-824bf08c3f87,0d94cb37-da80-4c10-ade4-4fa0eb11fd99,meta,paid_social,case_cliente,2025-11-10T01:20:44.113229
b79c0cd7-6684-4218-916b-627196842afb,0d94cb37-da80-4c10-ade4-4fa0eb11fd99,meta,paid_social,case_cliente,2025-06-14T11:49:17.482644
cd758dd9-3417-47d1-86d0-892e245ed875,0d94cb37-da80-4c10-ade4-4fa0eb11fd99,meta,paid_social,case_cliente,2025-07-03T23:50:08.739641
d077e8a8-1a2f-4f9c-acfd-a42f3f2b5aad,0d94cb37-da80-4c10-ade4-4fa0eb11fd99,meta,paid_social,case_cliente,2025-07-27T15:01:39.111916
1d986f2a-bbf3-4f6c-96ad-18609791d069,0d94cb37-da80-4c10-ade4-4fa0eb11fd99,meta,paid_social,case_cliente,2025-10-21T20:11:19.783113
d8b6d7b1-15c6-481d-8dad-ae113a1d5093,0d94cb37-da80-4c10-ade4-4fa0eb11fd99,meta,paid_social,case_cliente,2026-07-06T16:16:12.447387
235d7865-49be-4989-98ee-d432d12a1ae9,0d94cb37-da80-4c10-ade4-4fa0eb11fd99,meta,paid_social,case_cliente,2025-08-13T06:47:57.363755
b8e04132-209d-4f8a-b96b-2c4939e9974c,0d94cb37-da80-4c10-ade4-4fa0eb11fd99,meta,paid_social,case_cliente,2025-04-17T08:06:58.001249
66340867-b78a-467d-8906-451b190d4397,0d94cb37-da80-4c10-ade4-4fa0eb11fd99,meta,paid_social,case_cliente,2025-06-17T10:01:26.394861
616b814c-dd5b-41d7-a3cf-8379c07ecb93,0d94cb37-da80-4c10-ade4-4fa0eb11fd99,meta,paid_social,case_cliente,2026-02-13T18:50:28.427044
de841470-4453-4787-b105-11532279c60e,0d94cb37-da80-4c10-ade4-4fa0eb11fd99,meta,paid_social,case_cliente,2025-07-27T14:46:53.339898
5dfb699c-0f3b-4389-a32b-17f3b671c8fe,0d94cb37-da80-4c10-ade4-4fa0eb11fd99,meta,paid_social,case_cliente,2026-06-11T05:00:33.345654
1b74c048-1cbf-4fe1-b219-8a6d5855a0d6,0d94cb37-da80-4c10-ade4-4fa0eb11fd99,meta,paid_social,case_cliente,2025-08-13T05:40:53.096397
53cede83-9a28-4b45-b404-9a2385fa77f9,0d94cb37-da80-4c10-ade4-4fa0eb11fd99,meta,paid_social,case_cliente,2025-10-17T13:48:04.856478
b50ff86a-1c2a-4d59-ba18-597f376ef90a,0d94cb37-da80-4c10-ade4-4fa0eb11fd99,meta,paid_social,case_cliente,2026-01-25T20:56:22.566365
37bd79c6-6af2-4f8a-bd54-a0677fadc26c,0d94cb37-da80-4c10-ade4-4fa0eb11fd99,meta,paid_social,case_cliente,2025-05-09T00:17:01.318231
2f14a997-82fc-4eed-b915-5d4d433d36b3,0d94cb37-da80-4c10-ade4-4fa0eb11fd99,meta,paid_social,case_cliente,2026-07-02T09:46:47.200617
00a70bc5-9fa5-4f6b-b2ba-2bca1464386c,0d94cb37-da80-4c10-ade4-4fa0eb11fd99,meta,paid_social,case_cliente,2025-08-16T20:28:32.166983
80bdaa67-ca99-41d1-8886-c84f1065bc43,0d94cb37-da80-4c10-ade4-4fa0eb11fd99,meta,paid_social,case_cliente,2025-05-29T12:55:36.975090
7132cb48-10e4-4d74-8e01-8de3c31f4978,0d94cb37-da80-4c10-ade4-4fa0eb11fd99,meta,paid_social,case_cliente,2026-02-22T04:23:20.941280
784ad0ce-f398-4351-b3ad-3c18ccb55be1,0d94cb37-da80-4c10-ade4-4fa0eb11fd99,meta,paid_social,case_cliente,2026-02-10T17:44:20.948512
7119924e-835f-453e-af5f-a1eda5ddf55e,0d94cb37-da80-4c10-ade4-4fa0eb11fd99,meta,paid_social,case_cliente,2026-06-13T03:58:38.417459
6920a832-6559-4f0a-87ad-2c5c9169ee3f,0d94cb37-da80-4c10-ade4-4fa0eb11fd99,meta,paid_social,case_cliente,2025-04-20T12:53:30.764350
4d1ecc6d-734c-4739-8f27-99c5e8a6e523,0d94cb37-da80-4c10-ade4-4fa0eb11fd99,meta,paid_social,case_cliente,2026-08-15T03:13:41.669370
f394041a-134c-4c65-8e2a-c8d41f5ea332,0d94cb37-da80-4c10-ade4-4fa0eb11fd99,meta,paid_social,case_cliente,2026-01-11T18:26:20.186900
6d886d8a-3511-479a-b489-866fb1e75e92,0d94cb37-da80-4c10-ade4-4fa0eb11fd99,meta,paid_social,case_cliente,2025-06-14T08:14:54.829798
d52c1842-71ea-43cd-90f8-43297c2463b9,0d94cb37-da80-4c10-ade4-4fa0eb11fd99,meta,paid_social,case_cliente,2026-01-09T08:28:41.301669
3ae2dd26-5409-4b6b-bd1f-4a0068d83ad9,0d94cb37-da80-4c10-ade4-4fa0eb11fd99,meta,paid_social,case_cliente,2025-11-06T12:48:22.632544
b80b7a8c-f19d-4730-83d8-f72ffbebd548,0d94cb37-da80-4c10-ade4-4fa0eb11fd99,meta,paid_social,case_cliente,2025-10-17T04:22:34.357937
f1f05ea6-e3ce-498e-b31f-db9a12e3db1c,0d94cb37-da80-4c10-ade4-4fa0eb11fd99,meta,paid_social,case_cliente,2025-05-19T14:40:35.729438
7f816fb6-b5bf-4b60-9fd4-d70ca7e29d7b,0d94cb37-da80-4c10-ade4-4fa0eb11fd99,meta,paid_social,case_cliente,2025-11-30T01:24:03.776738
9ddb631e-f4eb-4c95-ba3d-4633949028c9,0d94cb37-da80-4c10-ade4-4fa0eb11fd99,meta,paid_social,case_cliente,2026-07-21T13:39:04.210281
fae0108f-7fe0-4300-92d8-a01fb27e15a7,0d94cb37-da80-4c10-ade4-4fa0eb11fd99,meta,paid_social,case_cliente,2025-03-31T16:43:29.373148
8032669e-dae9-44ac-bc9e-f6945d53c93d,0d94cb37-da80-4c10-ade4-4fa0eb11fd99,meta,paid_social,case_cliente,2026-04-12T01:30:05.522455
65fe0ce5-b9f3-47f3-8b38-51167916b618,0d94cb37-da80-4c10-ade4-4fa0eb11fd99,meta,paid_social,case_cliente,2026-06-14T04:43:22.893031
36bdc30e-4535-4c05-b1c6-68e15efbd06f,0d94cb37-da80-4c10-ade4-4fa0eb11fd99,meta,paid_social,case_cliente,2025-06-29T05:32:21.627032
a278d7d6-f0b0-44f2-b40a-7bcc6ad6f0fa,0d94cb37-da80-4c10-ade4-4fa0eb11fd99,meta,paid_social,case_cliente,2025-10-09T15:28:37.411968
d90fc450-ce34-4080-8af8-2c3ca73d7b20,0d94cb37-da80-4c10-ade4-4fa0eb11fd99,meta,paid_social,case_cliente,2026-02-25T15:56:34.275590
241dad63-967a-4822-9496-8b9f06dd8584,0d94cb37-da80-4c10-ade4-4fa0eb11fd99,meta,paid_social,case_cliente,2026-01-05T02:37:06.991383
e4a58189-81aa-45dd-b822-d58a99fe2653,0d94cb37-da80-4c10-ade4-4fa0eb11fd99,meta,paid_social,case_cliente,2025-07-29T03:48:26.129733
5201b8a8-96db-4801-aa1a-8fe1013c7927,0d94cb37-da80-4c10-ade4-4fa0eb11fd99,meta,paid_social,case_cliente,2025-12-29T00:11:52.924831
b122da58-6f78-4e5d-8180-a6d793917646,0d94cb37-da80-4c10-ade4-4fa0eb11fd99,meta,paid_social,case_cliente,2025-12-06T06:31:14.597716
47e48709-d576-46f8-8776-a9df95c9473d,0d94cb37-da80-4c10-ade4-4fa0eb11fd99,meta,paid_social,case_cliente,2026-05-31T23:34:22.096864
fe7f3ffb-f10c-42eb-9e93-c1bf608bf98c,0d94cb37-da80-4c10-ade4-4fa0eb11fd99,meta,paid_social,case_cliente,2025-07-02T11:06:35.950679
dd932c9d-6014-4c01-abb2-6b708a95983e,0d94cb37-da80-4c10-ade4-4fa0eb11fd99,meta,paid_social,case_cliente,2025-05-27T10:24:05.381394
0aa8d113-5e01-4e91-a711-1d789206b128,0d94cb37-da80-4c10-ade4-4fa0eb11fd99,meta,paid_social,case_cliente,2026-04-18T09:38:35.426098
7b6ddd1d-2f60-4d8f-bfa4-eac9f274832a,4bdc2cef-1324-406b-b6a9-814bc18f8ae3,meta,paid_social,black_friday,2026-05-17T09:12:50.027181
2e31c322-743c-4242-b085-84c05032447e,4bdc2cef-1324-406b-b6a9-814bc18f8ae3,meta,paid_social,black_friday,2026-01-10T19:38:23.605096
35d77655-7f2d-4800-953c-c8ce4a99a27f,4bdc2cef-1324-406b-b6a9-814bc18f8ae3,meta,paid_social,black_friday,2026-04-19T09:06:33.750675
27bb5aad-1bda-46f8-9825-8d325e21747c,4bdc2cef-1324-406b-b6a9-814bc18f8ae3,meta,paid_social,black_friday,2026-04-12T09:44:50.110299
df3cf817-1032-4b5f-9ff9-0d94b76fa3c6,4bdc2cef-1324-406b-b6a9-814bc18f8ae3,meta,paid_social,black_friday,2025-08-21T20:45:30.295034
b31f16bd-eddb-472a-ae2a-c0cc30d5eadb,4bdc2cef-1324-406b-b6a9-814bc18f8ae3,meta,paid_social,black_friday,2026-02-20T15:59:54.984777
900419e6-c9e5-42bd-b81d-7c4cf176ff53,4bdc2cef-1324-406b-b6a9-814bc18f8ae3,meta,paid_social,black_friday,2025-05-11T14:57:08.564983
babeb0ed-2e99-4b92-86cc-a1ca02839754,4bdc2cef-1324-406b-b6a9-814bc18f8ae3,meta,paid_social,black_friday,2026-01-15T09:18:59.858925
a4e17df3-2392-45fe-9133-aa94a7fb478b,4bdc2cef-1324-406b-b6a9-814bc18f8ae3,meta,paid_social,black_friday,2025-10-21T08:40:13.485634
75f03107-efe2-4555-9c63-082de45e2fe8,4bdc2cef-1324-406b-b6a9-814bc18f8ae3,meta,paid_social,black_friday,2026-05-21T08:07:21.928951
1e8551f3-1509-4346-a60b-ac60c864f84b,4bdc2cef-1324-406b-b6a9-814bc18f8ae3,meta,paid_social,black_friday,2026-06-22T07:59:12.955955
cb0c162a-31ea-4ed4-9e20-d9f0f7501976,4bdc2cef-1324-406b-b6a9-814bc18f8ae3,meta,paid_social,black_friday,2025-10-06T02:36:39.110503
30c55bc1-f294-40f6-be83-a8f08e4afcb4,4bdc2cef-1324-406b-b6a9-814bc18f8ae3,meta,paid_social,black_friday,2025-10-29T16:52:00.151839
62805277-1ef2-41e0-b3b7-804386ad90c0,4bdc2cef-1324-406b-b6a9-814bc18f8ae3,meta,paid_social,black_friday,2025-09-08T06:53:46.045520
734de255-4775-4a21-b72a-30d580b5fab4,4bdc2cef-1324-406b-b6a9-814bc18f8ae3,meta,paid_social,black_friday,2026-02-20T22:20:58.798881
93a9ff5a-b0b3-4c99-9af6-c381c4c4f36f,4bdc2cef-1324-406b-b6a9-814bc18f8ae3,meta,paid_social,black_friday,2025-04-22T16:53:02.057597
bc6050a7-e902-4099-883e-98504ca39f9c,4bdc2cef-1324-406b-b6a9-814bc18f8ae3,meta,paid_social,black_friday,2025-09-20T09:23:14.298779
ee7a026d-7281-407f-b821-624a29f21915,4bdc2cef-1324-406b-b6a9-814bc18f8ae3,meta,paid_social,black_friday,2025-06-30T06:40:49.339212
a13fe359-c61e-4aa1-b1bf-8418b6658fe2,4bdc2cef-1324-406b-b6a9-814bc18f8ae3,meta,paid_social,black_friday,2026-06-24T22:58:52.387540
7276fbab-8f51-41f9-81a8-ce77820e9c37,4bdc2cef-1324-406b-b6a9-814bc18f8ae3,meta,paid_social,black_friday,2026-06-19T20:01:55.112031
1700ddf1-6a12-4e32-8c6e-b0706eaa327f,4bdc2cef-1324-406b-b6a9-814bc18f8ae3,meta,paid_social,black_friday,2025-08-17T22:45:07.829502
b2b3c6e4-cafd-4211-a1c1-b09d776c41ba,4bdc2cef-1324-406b-b6a9-814bc18f8ae3,meta,paid_social,black_friday,2025-09-16T04:53:43.647829
4be6c7ca-f08c-4bca-9f89-20fc0c493290,4bdc2cef-1324-406b-b6a9-814bc18f8ae3,meta,paid_social,black_friday,2026-06-05T22:15:01.268599
35b6bcd2-01ce-469a-91e7-7338aaeb982f,4bdc2cef-1324-406b-b6a9-814bc18f8ae3,meta,paid_social,black_friday,2025-12-25T14:26:53.529676
6be773c6-4400-4b4f-8abc-deb62efe68e1,4bdc2cef-1324-406b-b6a9-814bc18f8ae3,meta,paid_social,black_friday,2025-10-30T12:48:09.859006
35e5991c-8f9d-4d7f-8137-c93bbe5eb779,4bdc2cef-1324-406b-b6a9-814bc18f8ae3,meta,paid_social,black_friday,2025-08-24T13:34:20.559468
da5e9de8-5beb-4ca0-beb2-7bd8f4d1ad2b,4bdc2cef-1324-406b-b6a9-814bc18f8ae3,meta,paid_social,black_friday,2026-07-23T10:58:59.773061
2b9a3151-d436-4db7-8ce8-4ecf7c3ca508,4bdc2cef-1324-406b-b6a9-814bc18f8ae3,meta,paid_social,black_friday,2025-10-08T00:29:45.728876
062545ba-87f4-423f-8305-1014a6075436,4bdc2cef-1324-406b-b6a9-814bc18f8ae3,meta,paid_social,black_friday,2025-12-14T22:12:49.537046
d125120d-aba3-4a48-ac77-a01aad35140c,4bdc2cef-1324-406b-b6a9-814bc18f8ae3,meta,paid_social,black_friday,2026-06-05T17:12:58.918603
a15fa714-d827-483b-adb9-5377769c97e1,4bdc2cef-1324-406b-b6a9-814bc18f8ae3,meta,paid_social,black_friday,2025-04-25T17:57:03.479403
887f4392-9348-4f4a-a948-108d0db97d93,4bdc2cef-1324-406b-b6a9-814bc18f8ae3,meta,paid_social,black_friday,2025-09-03T14:10:28.756367
5a3e8511-32ce-4a8f-91d8-5082d1d6eff6,4bdc2cef-1324-406b-b6a9-814bc18f8ae3,meta,paid_social,black_friday,2025-05-16T11:46:52.398653
63a36d96-8b90-44c9-9690-82f515bcb820,4bdc2cef-1324-406b-b6a9-814bc18f8ae3,meta,paid_social,black_friday,2025-07-09T01:11:56.337456
36006339-4eb7-4839-bd07-10f43e6bd126,4bdc2cef-1324-406b-b6a9-814bc18f8ae3,meta,paid_social,black_friday,2026-04-12T03:07:56.023529
47377185-8076-4641-87c1-7e40043fc50e,4bdc2cef-1324-406b-b6a9-814bc18f8ae3,meta,paid_social,black_friday,2025-04-19T00:01:41.283434
acaa55a0-1d6e-4791-a685-a01fd882a63d,4bdc2cef-1324-406b-b6a9-814bc18f8ae3,meta,paid_social,black_friday,2025-04-11T05:38:04.671439
59a2465f-1257-4ede-8028-adb432a30267,4bdc2cef-1324-406b-b6a9-814bc18f8ae3,meta,paid_social,black_friday,2025-07-12T23:04:35.513954
873d96e2-ad06-4621-8fa1-1c39b1c88a07,4bdc2cef-1324-406b-b6a9-814bc18f8ae3,meta,paid_social,black_friday,2026-05-04T17:36:34.725975
83616fea-ad10-45b7-9fd4-dc3259608d84,4bdc2cef-1324-406b-b6a9-814bc18f8ae3,meta,paid_social,black_friday,2026-03-19T10:51:14.149455
0b5d5840-4509-4e66-935a-c4b9b2f59eec,4bdc2cef-1324-406b-b6a9-814bc18f8ae3,meta,paid_social,black_friday,2025-11-19T08:29:41.324619
74edbb96-a497-46f4-80d9-e4e21080e2ca,4bdc2cef-1324-406b-b6a9-814bc18f8ae3,meta,paid_social,black_friday,2025-11-09T18:17:29.173580
ea93c277-ad1c-46c6-ab48-83a578f2ca14,4bdc2cef-1324-406b-b6a9-814bc18f8ae3,meta,paid_social,black_friday,2026-06-26T11:10:25.109587
4e09a394-7ce4-46cf-9926-d137eb19f961,4bdc2cef-1324-406b-b6a9-814bc18f8ae3,meta,paid_social,black_friday,2026-02-22T10:45:52.029053
3431ce15-c3e1-47f6-897f-ede092ecbdc6,4bdc2cef-1324-406b-b6a9-814bc18f8ae3,meta,paid_social,black_friday,2026-01-23T22:32:08.796019
d2fbb495-6ec1-422c-8a6c-ec91bbe8b490,4bdc2cef-1324-406b-b6a9-814bc18f8ae3,meta,paid_social,black_friday,2026-01-09T13:02:02.628269
e4947e45-d8fb-4a0f-a257-88999ffa9e4a,4bdc2cef-1324-406b-b6a9-814bc18f8ae3,meta,paid_social,black_friday,2026-02-01T22:36:55.753591
c7df958d-3e47-4add-923e-4b2d3a460035,4bdc2cef-1324-406b-b6a9-814bc18f8ae3,meta,paid_social,black_friday,2026-04-15T08:03:52.329323
bfe53e0f-91ea-49b5-86d0-02c1913332e0,4bdc2cef-1324-406b-b6a9-814bc18f8ae3,meta,paid_social,black_friday,2026-01-15T21:20:49.730134
b7da0d4d-252c-482a-beb9-7570af2b545e,4bdc2cef-1324-406b-b6a9-814bc18f8ae3,meta,paid_social,black_friday,2026-07-20T11:02:31.962600
f312214e-bd71-401a-8441-aadc8efb6a41,4bdc2cef-1324-406b-b6a9-814bc18f8ae3,meta,paid_social,black_friday,2025-06-13T10:58:24.030761
91bbad9b-3fb4-4cea-9e1c-da680c2044c6,4bdc2cef-1324-406b-b6a9-814bc18f8ae3,meta,paid_social,black_friday,2025-06-07T05:32:24.311754
0bb9b79c-74f5-4269-8f23-15f96675eaec,4bdc2cef-1324-406b-b6a9-814bc18f8ae3,meta,paid_social,black_friday,2026-08-02T03:45:56.977674
cd022f08-c9e8-4493-b7b3-1a64f04624a1,4bdc2cef-1324-406b-b6a9-814bc18f8ae3,meta,paid_social,black_friday,2026-02-17T13:53:24.222738
610f5f09-c67b-4af6-a53e-2b2ca93a214b,4bdc2cef-1324-406b-b6a9-814bc18f8ae3,meta,paid_social,black_friday,2026-03-17T14:23:56.892749
83aa9067-a2b7-4bec-ab17-31a0398aa11c,4bdc2cef-1324-406b-b6a9-814bc18f8ae3,meta,paid_social,black_friday,2025-08-21T15:42:44.570680
4550b198-2b74-4c43-bc93-67c0c472bf95,4bdc2cef-1324-406b-b6a9-814bc18f8ae3,meta,paid_social,black_friday,2026-08-09T09:53:11.011202
ae9bb234-d384-4a61-8c32-e401585d7d31,4bdc2cef-1324-406b-b6a9-814bc18f8ae3,meta,paid_social,black_friday,2026-04-11T19:59:54.884830
d664d6e7-d4bd-4daf-8d1e-51edb3f96c52,4bdc2cef-1324-406b-b6a9-814bc18f8ae3,meta,paid_social,black_friday,2025-04-10T10:47:46.698370
bf57740b-1548-4f34-9bc2-e0c9bba36379,4bdc2cef-1324-406b-b6a9-814bc18f8ae3,meta,paid_social,black_friday,2026-02-14T01:34:45.039246
49e6bbe8-e66e-412f-b388-6ff7be8f5db7,4bdc2cef-1324-406b-b6a9-814bc18f8ae3,meta,paid_social,black_friday,2025-07-27T09:10:19.918737
64882123-2531-4c2c-9781-5ca48b63ba43,4bdc2cef-1324-406b-b6a9-814bc18f8ae3,meta,paid_social,black_friday,2026-04-03T15:43:37.803591
69ee5a8d-b585-4b83-9daf-32ada882de5b,4bdc2cef-1324-406b-b6a9-814bc18f8ae3,meta,paid_social,black_friday,2025-04-11T09:15:31.376256
5cbe9ac5-4dc8-4449-bcdf-4dab43c2af06,4bdc2cef-1324-406b-b6a9-814bc18f8ae3,meta,paid_social,black_friday,2025-06-22T10:41:57.339792
f8644f0e-b9d4-4454-9c95-a16cc25f74e3,4bdc2cef-1324-406b-b6a9-814bc18f8ae3,meta,paid_social,black_friday,2026-06-25T02:23:14.185501
1c402cd2-7251-4d70-9ed1-826e06c21e0f,4bdc2cef-1324-406b-b6a9-814bc18f8ae3,meta,paid_social,black_friday,2026-01-26T10:24:31.565737
8cfca68e-0c92-4060-aae8-aa613a9bee19,4bdc2cef-1324-406b-b6a9-814bc18f8ae3,meta,paid_social,black_friday,2025-05-08T07:57:26.974375
f271e768-b982-4dfc-8cce-dd8b29fbf23a,4bdc2cef-1324-406b-b6a9-814bc18f8ae3,meta,paid_social,black_friday,2026-06-09T15:12:58.658706
69508df2-99a7-4db5-b62e-5c88649f7f7b,4bdc2cef-1324-406b-b6a9-814bc18f8ae3,meta,paid_social,black_friday,2026-05-25T08:18:00.592084
63c1725e-417e-4a64-8bc0-9b9314ebd53d,4bdc2cef-1324-406b-b6a9-814bc18f8ae3,meta,paid_social,black_friday,2025-05-01T11:57:06.436254
b8e81709-caeb-4b86-b1e8-4be4b8ccb88e,4bdc2cef-1324-406b-b6a9-814bc18f8ae3,meta,paid_social,black_friday,2025-04-14T18:10:59.264226
0e58f13b-e7e2-4310-b077-f816ba2c8344,4bdc2cef-1324-406b-b6a9-814bc18f8ae3,meta,paid_social,black_friday,2025-12-07T21:24:53.087510
1f9fe5d6-ed43-4ebc-a22a-1387a6034731,4bdc2cef-1324-406b-b6a9-814bc18f8ae3,meta,paid_social,black_friday,2025-06-07T01:34:56.953612
a059ffe7-2c5a-4bc9-950f-8573f6bf32bf,4bdc2cef-1324-406b-b6a9-814bc18f8ae3,meta,paid_social,black_friday,2026-06-10T10:36:09.848446
9abcc539-ec58-428d-a8a0-2cbdef2badf5,4bdc2cef-1324-406b-b6a9-814bc18f8ae3,meta,paid_social,black_friday,2026-02-01T03:48:14.040753
df6c621a-a465-488b-895c-c33b8f7fe1c0,4bdc2cef-1324-406b-b6a9-814bc18f8ae3,meta,paid_social,black_friday,2025-08-15T06:53:05.677506
ef310f12-dc6b-401d-ba84-2af0978c069e,4bdc2cef-1324-406b-b6a9-814bc18f8ae3,meta,paid_social,black_friday,2025-06-19T06:47:48.122154
91e8420b-6cfe-49db-8eb5-d4cb4c2552d1,4bdc2cef-1324-406b-b6a9-814bc18f8ae3,meta,paid_social,black_friday,2025-12-14T00:56:01.748650
d00b6d61-354b-4f5f-a80e-35cc30cc2008,4bdc2cef-1324-406b-b6a9-814bc18f8ae3,meta,paid_social,black_friday,2025-04-22T03:43:49.598126
da9d01ea-f865-4000-a0b6-685244db1213,4bdc2cef-1324-406b-b6a9-814bc18f8ae3,meta,paid_social,black_friday,2026-04-30T23:33:23.238606
613ae5d6-2f97-45ca-8fed-3d8fbb8a2bcd,4bdc2cef-1324-406b-b6a9-814bc18f8ae3,meta,paid_social,black_friday,2025-04-26T20:22:24.665556
8737619c-6b58-4131-acae-9c5f5016613d,4bdc2cef-1324-406b-b6a9-814bc18f8ae3,meta,paid_social,black_friday,2025-09-28T12:01:29.875659
2332f7dc-9c0e-4802-bf85-4684cfc1d16d,4bdc2cef-1324-406b-b6a9-814bc18f8ae3,meta,paid_social,black_friday,2026-02-24T16:34:44.262730
3843eafa-4951-4086-b079-5195bba3f998,4bdc2cef-1324-406b-b6a9-814bc18f8ae3,meta,paid_social,black_friday,2026-04-27T08:50:06.809972
11616501-14e0-4580-902e-ed843a9f70ec,4bdc2cef-1324-406b-b6a9-814bc18f8ae3,meta,paid_social,black_friday,2026-06-27T12:47:55.188231
39588da0-791c-4481-8f72-53efff5d709e,4bdc2cef-1324-406b-b6a9-814bc18f8ae3,meta,paid_social,black_friday,2026-04-16T06:03:33.190217
e1ed70a1-c04a-45f2-aa78-7e159563a1a2,4bdc2cef-1324-406b-b6a9-814bc18f8ae3,meta,paid_social,black_friday,2026-03-19T15:45:52.643450
0aa2cba0-1b42-42b4-b772-99911405ed69,4bdc2cef-1324-406b-b6a9-814bc18f8ae3,meta,paid_social,black_friday,2026-06-11T06:00:45.883045
f9afb12e-49a9-4c87-bdb7-c826a9fdd9f2,4bdc2cef-1324-406b-b6a9-814bc18f8ae3,meta,paid_social,black_friday,2025-05-05T08:56:23.419396
c5ca9ea1-df88-4358-bf5d-4a89d92d5ee9,4bdc2cef-1324-406b-b6a9-814bc18f8ae3,meta,paid_social,black_friday,2025-07-20T12:59:55.967497
2accda37-4218-4086-abea-47f4742a6441,4bdc2cef-1324-406b-b6a9-814bc18f8ae3,meta,paid_social,black_friday,2025-06-25T00:00:28.272982
7a8fe23a-a840-45b2-8cda-bb65c3b69171,4bdc2cef-1324-406b-b6a9-814bc18f8ae3,meta,paid_social,black_friday,2025-09-29T04:11:08.602898
9272f141-77ab-4218-b500-b70d396f4cbd,4bdc2cef-1324-406b-b6a9-814bc18f8ae3,meta,paid_social,black_friday,2025-12-31T09:07:51.785568
e8d9a8b5-a24d-4c18-bad5-a1a13a1eca90,4bdc2cef-1324-406b-b6a9-814bc18f8ae3,meta,paid_social,black_friday,2025-05-30T14:40:20.214607
8cd3933c-d774-47ad-9a1a-eaa8fe746b6e,4bdc2cef-1324-406b-b6a9-814bc18f8ae3,meta,paid_social,black_friday,2026-01-16T14:11:18.937930
c23cc50a-67e2-4642-9ba2-dc9e5ed7f9bd,4bdc2cef-1324-406b-b6a9-814bc18f8ae3,meta,paid_social,black_friday,2025-04-30T12:33:55.799815
845621c6-0bfd-448a-8981-5e8eb58b2a4a,4bdc2cef-1324-406b-b6a9-814bc18f8ae3,meta,paid_social,black_friday,2026-05-24T12:55:46.719066
09fe2a93-00d3-438e-82f5-34c0d98db317,4bdc2cef-1324-406b-b6a9-814bc18f8ae3,meta,paid_social,black_friday,2025-08-12T15:57:24.351101
1971895d-3780-4d18-904b-ad37bcf5cb28,4bdc2cef-1324-406b-b6a9-814bc18f8ae3,meta,paid_social,black_friday,2025-12-02T22:35:01.545668
3ae4d7b7-0744-4d34-be65-674a308862ce,4bdc2cef-1324-406b-b6a9-814bc18f8ae3,meta,paid_social,black_friday,2026-02-18T15:05:39.733175
723b1136-60ba-4c96-83d1-b930e886c14b,4bdc2cef-1324-406b-b6a9-814bc18f8ae3,meta,paid_social,black_friday,2026-05-22T06:09:16.795306
b39fb3ce-74d8-44fc-ab44-323d0bb18acd,4bdc2cef-1324-406b-b6a9-814bc18f8ae3,meta,paid_social,black_friday,2026-06-18T15:03:31.398445
4af4e3ce-ba3d-4c0b-9eac-87b74857ac93,4bdc2cef-1324-406b-b6a9-814bc18f8ae3,meta,paid_social,black_friday,2025-03-27T08:36:34.661130
9701ab83-d8cf-4ee9-bcbc-32572a9d3a5c,4bdc2cef-1324-406b-b6a9-814bc18f8ae3,meta,paid_social,black_friday,2026-02-10T21:36:34.090774
ee4cc107-b8b9-4e8c-ba71-054f9172eaf3,4bdc2cef-1324-406b-b6a9-814bc18f8ae3,meta,paid_social,black_friday,2025-08-22T17:49:11.728173
da29fda9-4ab8-4e39-821f-3285636e4327,4bdc2cef-1324-406b-b6a9-814bc18f8ae3,meta,paid_social,black_friday,2026-05-09T01:43:54.347357
6899b071-d49a-4f7e-9cc1-bb95e42ab1b2,4bdc2cef-1324-406b-b6a9-814bc18f8ae3,meta,paid_social,black_friday,2025-12-23T17:03:56.079270
3d6ab66d-edc3-477f-a288-09c4721d29e2,4bdc2cef-1324-406b-b6a9-814bc18f8ae3,meta,paid_social,black_friday,2025-04-03T11:32:23.995762
9b5d6839-7886-486a-a093-ac4922def67d,4bdc2cef-1324-406b-b6a9-814bc18f8ae3,meta,paid_social,black_friday,2025-07-17T07:32:28.295498
77ecb5a5-a270-4a8d-b0d1-73987c07a261,4bdc2cef-1324-406b-b6a9-814bc18f8ae3,meta,paid_social,black_friday,2026-03-06T04:52:54.577607
6f7e9d76-0738-425e-83e7-fe559ccead19,4bdc2cef-1324-406b-b6a9-814bc18f8ae3,meta,paid_social,black_friday,2025-09-15T01:01:26.769518
ed78b00f-25f5-4c9c-9d45-82afd72ef281,4bdc2cef-1324-406b-b6a9-814bc18f8ae3,meta,paid_social,black_friday,2026-04-29T02:27:01.339032
f66e255a-1c1e-4fb2-8cba-9f044126902e,4bdc2cef-1324-406b-b6a9-814bc18f8ae3,meta,paid_social,black_friday,2026-03-16T02:56:31.214004
8e23ef60-7882-4db8-9f2a-321d6eac50a8,4bdc2cef-1324-406b-b6a9-814bc18f8ae3,meta,paid_social,black_friday,2025-04-28T05:02:34.995461
ebd84d34-7842-409d-8e31-6d5afdd074ff,4bdc2cef-1324-406b-b6a9-814bc18f8ae3,meta,paid_social,black_friday,2026-08-08T14:24:39.755936
d46f4f36-2252-45e0-b4b7-a7aac602490a,4bdc2cef-1324-406b-b6a9-814bc18f8ae3,meta,paid_social,black_friday,2025-12-07T14:56:55.828701
2bb7db74-8505-4cb2-b7ce-1a37334a6b8a,4bdc2cef-1324-406b-b6a9-814bc18f8ae3,meta,paid_social,black_friday,2025-05-23T01:43:31.293278
fff9cb9c-8e8f-4127-bd0e-e966e1b985b9,4bdc2cef-1324-406b-b6a9-814bc18f8ae3,meta,paid_social,black_friday,2026-08-09T05:24:35.817222
484f5836-951e-4166-a306-0579028d6b3e,4bdc2cef-1324-406b-b6a9-814bc18f8ae3,meta,paid_social,black_friday,2025-10-29T08:18:37.148945
2d6f9b29-43e2-43bd-b50d-ce3ce39846dd,4bdc2cef-1324-406b-b6a9-814bc18f8ae3,meta,paid_social,black_friday,2025-08-27T02:08:32.641801
16e0cd29-46a5-4f73-aad7-ddce59e2a6ac,4bdc2cef-1324-406b-b6a9-814bc18f8ae3,meta,paid_social,black_friday,2025-11-09T11:25:39.895427
84b45039-58f8-45d6-98da-b5bad7ff3164,4bdc2cef-1324-406b-b6a9-814bc18f8ae3,meta,paid_social,black_friday,2025-08-03T12:42:53.748853
b0b16943-fbcd-49a8-96bb-bb177716bb2a,4bdc2cef-1324-406b-b6a9-814bc18f8ae3,meta,paid_social,black_friday,2026-08-05T17:15:01.611738
fd38eb01-701b-427d-a040-3b9b06b22aa0,4bdc2cef-1324-406b-b6a9-814bc18f8ae3,meta,paid_social,black_friday,2025-10-04T05:12:14.682635
adc91323-734a-48a8-bc40-5d44af8e0c30,4bdc2cef-1324-406b-b6a9-814bc18f8ae3,meta,paid_social,black_friday,2026-08-03T16:32:04.718655
fc277c96-f88a-41b3-8f49-6cdb81ae6ac2,4bdc2cef-1324-406b-b6a9-814bc18f8ae3,meta,paid_social,black_friday,2026-08-01T22:31:56.645805
9673f5c9-b151-401f-badd-efadec050b67,4bdc2cef-1324-406b-b6a9-814bc18f8ae3,meta,paid_social,black_friday,2025-12-05T16:53:38.139701
299ca13d-04f0-4a69-9f17-4e2d8c61632a,4bdc2cef-1324-406b-b6a9-814bc18f8ae3,meta,paid_social,black_friday,2026-07-04T01:19:39.338755
0f53c192-9857-4618-b2d0-4685df7f32d6,4bdc2cef-1324-406b-b6a9-814bc18f8ae3,meta,paid_social,black_friday,2025-03-27T10:24:03.360231
d8fddc0c-82a6-495b-94f3-9969e419e8c7,4bdc2cef-1324-406b-b6a9-814bc18f8ae3,meta,paid_social,black_friday,2026-07-25T18:27:04.315629
f408ddb3-0e71-498d-aec9-33f9f63ee078,4bdc2cef-1324-406b-b6a9-814bc18f8ae3,meta,paid_social,black_friday,2026-05-15T02:44:18.330716
80e7f41e-159e-4c48-bbbc-54f414bad2f2,4bdc2cef-1324-406b-b6a9-814bc18f8ae3,meta,paid_social,black_friday,2026-03-18T03:52:28.936945
eb47c182-b45d-4d49-a8ad-827d967c731f,4bdc2cef-1324-406b-b6a9-814bc18f8ae3,meta,paid_social,black_friday,2025-04-05T23:44:59.432915
b5809af8-cf22-4904-9601-d129b026133d,4bdc2cef-1324-406b-b6a9-814bc18f8ae3,meta,paid_social,black_friday,2026-03-15T15:49:56.828838
776b405c-5381-4040-8195-9d2f252c965f,4bdc2cef-1324-406b-b6a9-814bc18f8ae3,meta,paid_social,black_friday,2025-04-30T21:23:45.825891
cbcb4e8c-7135-4da5-a0e1-3a8ecd870afb,4bdc2cef-1324-406b-b6a9-814bc18f8ae3,meta,paid_social,black_friday,2025-09-30T13:11:43.962373
37d19cf6-7d33-49eb-83ef-96c7fcb5591f,4bdc2cef-1324-406b-b6a9-814bc18f8ae3,meta,paid_social,black_friday,2026-02-02T01:54:06.883938
e1d2dbd0-8d91-4f09-b3a2-5b64103ec9c1,4bdc2cef-1324-406b-b6a9-814bc18f8ae3,meta,paid_social,black_friday,2025-11-20T07:09:00.752386
98f8138c-40a0-400d-b4ec-f83cfe5c57b9,4bdc2cef-1324-406b-b6a9-814bc18f8ae3,meta,paid_social,black_friday,2026-08-02T00:06:10.394623
f8d0901c-f0e0-4aef-b2fb-12ac2ff16edc,4bdc2cef-1324-406b-b6a9-814bc18f8ae3,meta,paid_social,black_friday,2025-09-27T05:07:25.826619
bfb3abf6-5c05-4961-a9be-e72151fefc59,4bdc2cef-1324-406b-b6a9-814bc18f8ae3,meta,paid_social,black_friday,2026-02-27T04:41:09.965057
121ba784-b600-4928-9051-5c628ea365b1,4bdc2cef-1324-406b-b6a9-814bc18f8ae3,meta,paid_social,black_friday,2026-06-07T23:12:17.461569
38bfa217-bda4-4e8d-8211-b0b5eda118fd,4bdc2cef-1324-406b-b6a9-814bc18f8ae3,meta,paid_social,black_friday,2025-11-03T10:33:04.244016
fc60c746-7a6e-44ee-8ccf-21b42acdbc35,4bdc2cef-1324-406b-b6a9-814bc18f8ae3,meta,paid_social,black_friday,2026-06-08T14:01:40.786741
f2a2f8c6-7ab8-40a2-b671-544c2b4d7b3c,4bdc2cef-1324-406b-b6a9-814bc18f8ae3,meta,paid_social,black_friday,2026-01-22T18:39:23.162474
96e012cf-9408-4b35-b08b-d5273c5e390a,4bdc2cef-1324-406b-b6a9-814bc18f8ae3,meta,paid_social,black_friday,2026-06-04T12:52:22.838930
dbb7b51f-ed26-407c-9f67-ff596877888f,4bdc2cef-1324-406b-b6a9-814bc18f8ae3,meta,paid_social,black_friday,2025-05-01T15:30:44.321253
f662c663-2573-4598-81fb-9ff626e9eb11,4bdc2cef-1324-406b-b6a9-814bc18f8ae3,meta,paid_social,black_friday,2025-10-27T06:05:08.238038
cf4ac112-434c-4cd6-ab67-1ce19ba11f62,4bdc2cef-1324-406b-b6a9-814bc18f8ae3,meta,paid_social,black_friday,2025-04-08T01:30:43.095060
7cc9de60-6380-42c0-aec6-77585f2f99e7,4bdc2cef-1324-406b-b6a9-814bc18f8ae3,meta,paid_social,black_friday,2025-09-18T17:27:11.397048
451c8485-7213-437e-b923-c2b8c2da9e85,4bdc2cef-1324-406b-b6a9-814bc18f8ae3,meta,paid_social,black_friday,2026-03-21T14:38:16.560897
82004ef9-701b-4c80-a7fc-b61063ea8b35,4bdc2cef-1324-406b-b6a9-814bc18f8ae3,meta,paid_social,black_friday,2026-07-14T21:33:58.990548
94f59d1f-5240-4fb0-84be-2eb4a8331716,4bdc2cef-1324-406b-b6a9-814bc18f8ae3,meta,paid_social,black_friday,2025-09-20T15:32:45.084088
fae857c4-abcc-44f1-a553-bbd3a0c625e0,4bdc2cef-1324-406b-b6a9-814bc18f8ae3,meta,paid_social,black_friday,2025-11-17T10:30:21.032804
30398da1-9e01-4aae-bc68-d976fb7b0ed1,4bdc2cef-1324-406b-b6a9-814bc18f8ae3,meta,paid_social,black_friday,2025-08-22T21:07:08.477838
aa4c96b7-f25b-46b7-8149-ce98664bb7d1,4bdc2cef-1324-406b-b6a9-814bc18f8ae3,meta,paid_social,black_friday,2025-09-25T12:53:25.368673
41c00872-dd1d-473b-b8c9-942e059f93b9,4bdc2cef-1324-406b-b6a9-814bc18f8ae3,meta,paid_social,black_friday,2025-07-07T20:26:05.825171
b0d0f603-f366-4d34-9fc1-24a6da342aa5,4bdc2cef-1324-406b-b6a9-814bc18f8ae3,meta,paid_social,black_friday,2025-06-17T10:05:04.231827
da8ebf14-e701-418d-9d42-6c14f428d89c,4bdc2cef-1324-406b-b6a9-814bc18f8ae3,meta,paid_social,black_friday,2025-06-27T06:55:32.910569
991d583e-b13d-45cf-9c4e-f0608a0e3f31,4bdc2cef-1324-406b-b6a9-814bc18f8ae3,meta,paid_social,black_friday,2026-03-17T00:30:13.299365
9722ddbd-e039-46ec-80e3-e16ec6df2fb7,4bdc2cef-1324-406b-b6a9-814bc18f8ae3,meta,paid_social,black_friday,2025-10-01T13:34:59.393271
3ba31cb9-293d-41fb-97d1-6fdcb7a4533d,4bdc2cef-1324-406b-b6a9-814bc18f8ae3,meta,paid_social,black_friday,2025-09-03T02:13:58.109513
3986cd57-7273-4209-b765-6bbb79bf72ad,4bdc2cef-1324-406b-b6a9-814bc18f8ae3,meta,paid_social,black_friday,2026-04-28T18:15:43.458860
e60faffa-026c-475c-b4f5-8619ea3dd7d2,4bdc2cef-1324-406b-b6a9-814bc18f8ae3,meta,paid_social,black_friday,2026-02-20T02:33:39.204086
f32745c7-be04-4b22-b322-48c900025245,4bdc2cef-1324-406b-b6a9-814bc18f8ae3,meta,paid_social,black_friday,2026-06-22T11:40:28.953318
776778ae-67c7-428c-90a1-3cb34fe5c866,4bdc2cef-1324-406b-b6a9-814bc18f8ae3,meta,paid_social,black_friday,2026-05-27T10:28:32.482652
b11de4f2-ec78-4d3e-a219-4590b018d660,4bdc2cef-1324-406b-b6a9-814bc18f8ae3,meta,paid_social,black_friday,2026-01-01T08:30:51.556382
eaa88b45-1ac3-43de-82b0-b09517d4902c,4bdc2cef-1324-406b-b6a9-814bc18f8ae3,meta,paid_social,black_friday,2026-04-23T20:51:27.102072
60ebf018-fbf7-4068-9333-2c3ce6e844a9,4bdc2cef-1324-406b-b6a9-814bc18f8ae3,meta,paid_social,black_friday,2025-05-27T11:39:34.553763
5c36520d-8019-4e4f-8a83-ad2e14e5f0c4,4bdc2cef-1324-406b-b6a9-814bc18f8ae3,meta,paid_social,black_friday,2026-07-23T08:32:05.908577
987b28dc-e754-4d5e-85c8-553f6b18ba7e,4bdc2cef-1324-406b-b6a9-814bc18f8ae3,meta,paid_social,black_friday,2025-09-04T02:34:04.480020
2d612c50-c1a2-4153-8e27-c5244ed2e9b3,4bdc2cef-1324-406b-b6a9-814bc18f8ae3,meta,paid_social,black_friday,2025-11-27T17:53:52.097770
db828570-fef3-4cba-9246-9e4bee243b9b,4bdc2cef-1324-406b-b6a9-814bc18f8ae3,meta,paid_social,black_friday,2025-06-24T16:45:19.384824
b3510d56-131a-409e-bdd1-7aa4115742c3,81be9ed2-5234-4eb6-af66-009639bb082d,meta,paid_social,trial_gratuito,2025-04-16T12:25:56.728796
8a843214-d7e6-48f3-ad5b-884997f04c4e,81be9ed2-5234-4eb6-af66-009639bb082d,meta,paid_social,trial_gratuito,2025-11-17T00:02:33.844079
10e90e87-c4fa-4891-b63a-e0a991f500b2,81be9ed2-5234-4eb6-af66-009639bb082d,meta,paid_social,trial_gratuito,2025-05-13T03:55:32.495110
0692de62-d502-452c-adf3-dde49bf696b0,81be9ed2-5234-4eb6-af66-009639bb082d,meta,paid_social,trial_gratuito,2026-04-08T04:31:38.842862
99317362-8c5a-413d-b6d6-887736121c16,81be9ed2-5234-4eb6-af66-009639bb082d,meta,paid_social,trial_gratuito,2025-06-23T00:44:45.427131
28ee3d01-df5f-4c02-ba8a-ffa6f4b65922,81be9ed2-5234-4eb6-af66-009639bb082d,meta,paid_social,trial_gratuito,2026-05-18T14:26:45.688881
e608d065-12d0-4bdb-9a6e-4474e9d89d85,81be9ed2-5234-4eb6-af66-009639bb082d,meta,paid_social,trial_gratuito,2025-06-28T09:45:08.037870
afd9faf4-04aa-416a-9494-3f4396cbbf0c,81be9ed2-5234-4eb6-af66-009639bb082d,meta,paid_social,trial_gratuito,2025-11-18T11:48:04.499758
3914d59d-b0ba-4dc9-a600-468942da5174,81be9ed2-5234-4eb6-af66-009639bb082d,meta,paid_social,trial_gratuito,2025-03-25T16:46:48.577786
653ee4e1-ec15-4ef5-82ef-ee10cb656d18,81be9ed2-5234-4eb6-af66-009639bb082d,meta,paid_social,trial_gratuito,2026-06-07T07:41:42.435323
1dbbb9e0-d47a-44dc-a2f4-927e9056e6f8,81be9ed2-5234-4eb6-af66-009639bb082d,meta,paid_social,trial_gratuito,2025-09-15T18:48:18.954844
17214be9-f1e1-4091-9ad9-74e943cc48c0,81be9ed2-5234-4eb6-af66-009639bb082d,meta,paid_social,trial_gratuito,2025-11-01T15:22:42.107543
8371aad1-f376-4ef1-94f1-b4ee8a823640,81be9ed2-5234-4eb6-af66-009639bb082d,meta,paid_social,trial_gratuito,2025-04-24T23:54:01.225825
4d05b8dc-051d-40f6-b4da-ecd5c3394f2b,81be9ed2-5234-4eb6-af66-009639bb082d,meta,paid_social,trial_gratuito,2025-04-30T16:52:02.851714
3c721a57-563f-4c99-996e-6e99fa77de72,81be9ed2-5234-4eb6-af66-009639bb082d,meta,paid_social,trial_gratuito,2025-05-01T06:46:35.437663
1781ba0a-3d4a-4f29-bd9b-f8725d115793,81be9ed2-5234-4eb6-af66-009639bb082d,meta,paid_social,trial_gratuito,2026-03-04T18:41:11.966756
17cd25a8-ffa2-4322-becf-10915c93003c,81be9ed2-5234-4eb6-af66-009639bb082d,meta,paid_social,trial_gratuito,2025-04-09T20:27:01.544150
76dfc4f6-ecec-4abb-84b8-5e14e19910b9,81be9ed2-5234-4eb6-af66-009639bb082d,meta,paid_social,trial_gratuito,2026-02-28T20:52:22.185962
a4730727-8218-4907-96c3-1286f9fba70b,81be9ed2-5234-4eb6-af66-009639bb082d,meta,paid_social,trial_gratuito,2025-07-31T07:26:39.196406
9d5d0737-e7a3-4c6d-bac0-db211b8df599,81be9ed2-5234-4eb6-af66-009639bb082d,meta,paid_social,trial_gratuito,2026-04-10T15:32:10.701963
c6936584-3b5d-4cfb-a49b-313156083827,81be9ed2-5234-4eb6-af66-009639bb082d,meta,paid_social,trial_gratuito,2026-08-16T11:35:36.783078
22451caa-e093-4eb5-a42e-c444761d64dd,81be9ed2-5234-4eb6-af66-009639bb082d,meta,paid_social,trial_gratuito,2025-11-12T12:27:14.649949
71a8d086-ae0d-4006-8b1b-2bd9decc9306,81be9ed2-5234-4eb6-af66-009639bb082d,meta,paid_social,trial_gratuito,2026-02-08T16:26:07.190486
f5385ec1-cda3-458a-a6d4-aea365f5c7f9,81be9ed2-5234-4eb6-af66-009639bb082d,meta,paid_social,trial_gratuito,2025-08-24T00:00:50.750041
d863d048-979b-4bd5-9cb8-89460d86e8f5,81be9ed2-5234-4eb6-af66-009639bb082d,meta,paid_social,trial_gratuito,2026-07-16T08:19:13.122139
ab3bf422-845e-4789-a4e1-4ddf74493656,81be9ed2-5234-4eb6-af66-009639bb082d,meta,paid_social,trial_gratuito,2025-09-03T00:01:49.850109
68173728-e7b7-473a-b914-1307334b169d,81be9ed2-5234-4eb6-af66-009639bb082d,meta,paid_social,trial_gratuito,2025-09-23T02:45:27.707939
b341ae07-4e63-40b0-a7e7-83324e84a717,81be9ed2-5234-4eb6-af66-009639bb082d,meta,paid_social,trial_gratuito,2025-05-02T05:15:15.099704
d4a87fb3-479a-4e0b-8280-d5eaa9445631,81be9ed2-5234-4eb6-af66-009639bb082d,meta,paid_social,trial_gratuito,2025-08-25T18:38:08.649973
668470e8-c8ec-4add-9458-97ee9a65a6ff,81be9ed2-5234-4eb6-af66-009639bb082d,meta,paid_social,trial_gratuito,2026-08-02T07:06:20.224990
68869420-b758-42c6-a39d-79dd5912b1d1,81be9ed2-5234-4eb6-af66-009639bb082d,meta,paid_social,trial_gratuito,2026-03-08T17:00:35.196575
1ef5436c-9580-4365-80bf-aad50c11e2c8,81be9ed2-5234-4eb6-af66-009639bb082d,meta,paid_social,trial_gratuito,2025-06-05T13:02:24.903906
f1670cde-0bcc-43ba-89fe-7257794d0a36,81be9ed2-5234-4eb6-af66-009639bb082d,meta,paid_social,trial_gratuito,2025-12-29T10:51:36.847239
4f98b154-3f11-47d1-970c-a6d473ccf714,81be9ed2-5234-4eb6-af66-009639bb082d,meta,paid_social,trial_gratuito,2026-05-12T23:42:22.541943
ff59ebb5-2bd4-46e4-a530-7c52fc4c1052,81be9ed2-5234-4eb6-af66-009639bb082d,meta,paid_social,trial_gratuito,2026-05-03T17:46:55.774742
a3c09f95-5d7e-4c59-befc-3b6eb4e974d5,81be9ed2-5234-4eb6-af66-009639bb082d,meta,paid_social,trial_gratuito,2025-10-17T11:46:14.290575
abcca2ed-6cce-4144-a6d4-3b2c32371c1c,81be9ed2-5234-4eb6-af66-009639bb082d,meta,paid_social,trial_gratuito,2025-10-02T11:36:30.002362
f96685d8-4962-4c82-aa41-13eaf3224106,81be9ed2-5234-4eb6-af66-009639bb082d,meta,paid_social,trial_gratuito,2025-10-30T10:36:40.244374
37b9e302-937b-43b3-8e8b-5256d196aff7,81be9ed2-5234-4eb6-af66-009639bb082d,meta,paid_social,trial_gratuito,2025-06-26T15:08:29.143776
7c272123-33f3-4af7-b96a-524024759801,81be9ed2-5234-4eb6-af66-009639bb082d,meta,paid_social,trial_gratuito,2026-06-14T05:33:32.937630
e95db054-0da0-4cfc-afd3-4ec6d775729e,81be9ed2-5234-4eb6-af66-009639bb082d,meta,paid_social,trial_gratuito,2025-06-25T23:07:42.650705
5b4b1300-33ad-4e85-8b90-d1e275532d56,81be9ed2-5234-4eb6-af66-009639bb082d,meta,paid_social,trial_gratuito,2026-03-07T22:43:07.382721
a9f0b54b-092a-4f28-94c0-b9fc29d2efe9,81be9ed2-5234-4eb6-af66-009639bb082d,meta,paid_social,trial_gratuito,2026-01-24T01:53:25.282897
961f8ff5-f332-467c-9dd8-123851dbd75a,81be9ed2-5234-4eb6-af66-009639bb082d,meta,paid_social,trial_gratuito,2025-11-01T14:14:42.943199
3349bb46-0217-4875-ad15-6a82e50d5b9a,81be9ed2-5234-4eb6-af66-009639bb082d,meta,paid_social,trial_gratuito,2025-04-08T11:08:11.048418
9b530c96-32dc-4839-ad67-2db82bc9f670,81be9ed2-5234-4eb6-af66-009639bb082d,meta,paid_social,trial_gratuito,2025-08-15T00:10:19.908957
28252d83-3e0c-4763-ac71-c4036c341619,81be9ed2-5234-4eb6-af66-009639bb082d,meta,paid_social,trial_gratuito,2025-10-30T07:14:09.082975
d11af0a1-b94c-405c-be69-7072dbfc3b77,81be9ed2-5234-4eb6-af66-009639bb082d,meta,paid_social,trial_gratuito,2025-05-14T21:29:01.979673
50870e05-e7f5-45ea-9d6f-9fd589a4a49e,81be9ed2-5234-4eb6-af66-009639bb082d,meta,paid_social,trial_gratuito,2026-04-02T08:05:39.438345
255dc5e1-f136-4c42-9acd-72107fd214b1,81be9ed2-5234-4eb6-af66-009639bb082d,meta,paid_social,trial_gratuito,2026-03-13T06:02:18.170396
58191ab8-556c-4dd3-b4aa-ccf5d9909e8c,81be9ed2-5234-4eb6-af66-009639bb082d,meta,paid_social,trial_gratuito,2025-10-27T09:52:56.673974
c3ea7786-56d7-44b2-a10c-103aefedf346,81be9ed2-5234-4eb6-af66-009639bb082d,meta,paid_social,trial_gratuito,2026-02-11T06:54:20.819787
88d74c06-db99-4174-946a-11969ba9ec1b,81be9ed2-5234-4eb6-af66-009639bb082d,meta,paid_social,trial_gratuito,2026-03-14T21:17:51.344154
d672fb45-d8c4-4b3e-8664-bcc2802a4f89,81be9ed2-5234-4eb6-af66-009639bb082d,meta,paid_social,trial_gratuito,2026-07-28T23:31:39.557654
0e58ba30-47ec-45c7-9bda-23bb805e5466,81be9ed2-5234-4eb6-af66-009639bb082d,meta,paid_social,trial_gratuito,2025-05-24T09:31:46.088998
739ca158-7e93-498a-8952-405f5eab4a7a,81be9ed2-5234-4eb6-af66-009639bb082d,meta,paid_social,trial_gratuito,2025-09-19T09:08:22.605470
4050522e-9c49-4a77-b824-e1e17424ee48,81be9ed2-5234-4eb6-af66-009639bb082d,meta,paid_social,trial_gratuito,2025-08-13T18:43:45.029759
aa8a7e9e-b2ff-4ad8-b37c-3ea18090bc60,81be9ed2-5234-4eb6-af66-009639bb082d,meta,paid_social,trial_gratuito,2026-04-30T13:09:13.366196
604ed64b-477a-4739-aba4-c8f808e15af8,81be9ed2-5234-4eb6-af66-009639bb082d,meta,paid_social,trial_gratuito,2026-07-01T19:28:44.728640
887b1280-2208-431b-9dd0-a65bde22821a,81be9ed2-5234-4eb6-af66-009639bb082d,meta,paid_social,trial_gratuito,2026-02-06T00:34:43.310012
edbaf01a-61b5-4160-8f55-39cd6d4ee477,81be9ed2-5234-4eb6-af66-009639bb082d,meta,paid_social,trial_gratuito,2025-07-11T22:28:17.474328
70ae2b78-9188-4545-850f-9fd5b7f0fd73,81be9ed2-5234-4eb6-af66-009639bb082d,meta,paid_social,trial_gratuito,2025-04-22T12:05:19.785090
a31ddc2f-82e9-43b7-b760-13f002ff8696,81be9ed2-5234-4eb6-af66-009639bb082d,meta,paid_social,trial_gratuito,2026-01-28T13:34:35.686644
28c22505-eb69-48f6-901b-c3a75cb2cb04,81be9ed2-5234-4eb6-af66-009639bb082d,meta,paid_social,trial_gratuito,2025-11-16T10:16:53.329886
78c3445a-a067-46af-8fff-555aa71a5208,81be9ed2-5234-4eb6-af66-009639bb082d,meta,paid_social,trial_gratuito,2026-07-11T05:40:45.417347
2ec4179e-b9a2-4218-95c4-417e06c2632c,81be9ed2-5234-4eb6-af66-009639bb082d,meta,paid_social,trial_gratuito,2026-02-13T14:06:04.954858
b3723861-d5de-4205-a945-00875282a526,81be9ed2-5234-4eb6-af66-009639bb082d,meta,paid_social,trial_gratuito,2026-05-04T15:45:52.509626
3294838f-7952-41f3-943e-e40a8eae90a4,81be9ed2-5234-4eb6-af66-009639bb082d,meta,paid_social,trial_gratuito,2026-03-10T12:39:08.362194
85836c36-8d6c-4c8f-a6d8-655819a397f9,81be9ed2-5234-4eb6-af66-009639bb082d,meta,paid_social,trial_gratuito,2026-01-16T08:30:38.720506
440ea84e-9326-4348-b93b-cbd6db4b2f8b,81be9ed2-5234-4eb6-af66-009639bb082d,meta,paid_social,trial_gratuito,2025-11-21T01:38:46.083354
204e37ec-02b5-4866-8ef9-f49326e750a2,81be9ed2-5234-4eb6-af66-009639bb082d,meta,paid_social,trial_gratuito,2026-03-27T23:07:15.392993
d51d3e37-afe9-4969-a3eb-e95acf2aeab9,81be9ed2-5234-4eb6-af66-009639bb082d,meta,paid_social,trial_gratuito,2025-08-30T23:43:06.441053
8792d738-45d7-41c1-9585-065d939fab38,81be9ed2-5234-4eb6-af66-009639bb082d,meta,paid_social,trial_gratuito,2025-07-01T22:36:56.125296
84629326-f1ca-4782-9be0-7aad1da0cec0,81be9ed2-5234-4eb6-af66-009639bb082d,meta,paid_social,trial_gratuito,2026-01-12T22:47:29.781872
deea8411-bb92-478e-a335-4701cbb7630f,81be9ed2-5234-4eb6-af66-009639bb082d,meta,paid_social,trial_gratuito,2025-12-01T05:27:47.185512
756b3b46-8dc2-4983-a8ac-afb086fdb414,81be9ed2-5234-4eb6-af66-009639bb082d,meta,paid_social,trial_gratuito,2026-02-28T15:51:04.860008
220eb8de-e7d2-4fd6-b191-20d4ab87531b,81be9ed2-5234-4eb6-af66-009639bb082d,meta,paid_social,trial_gratuito,2026-03-01T16:27:19.391520
eaf0f8c1-ea3c-467f-a7b5-ff4bc94e7449,81be9ed2-5234-4eb6-af66-009639bb082d,meta,paid_social,trial_gratuito,2026-07-11T21:35:49.658707
c5507ad6-943c-4468-a08a-f83596ac7e56,81be9ed2-5234-4eb6-af66-009639bb082d,meta,paid_social,trial_gratuito,2026-04-13T01:54:24.997732
d11b746b-e748-46fc-8576-6898978bf7d7,81be9ed2-5234-4eb6-af66-009639bb082d,meta,paid_social,trial_gratuito,2025-04-22T17:28:17.397453
56352507-e712-4bd3-9ac6-4f9a18e756ba,81be9ed2-5234-4eb6-af66-009639bb082d,meta,paid_social,trial_gratuito,2025-08-16T04:15:08.794062
e0a54667-a157-4297-9b3b-c9b944c5c963,81be9ed2-5234-4eb6-af66-009639bb082d,meta,paid_social,trial_gratuito,2025-08-24T04:24:41.953738
f7445b30-7817-4327-8b5e-971f70fc7451,81be9ed2-5234-4eb6-af66-009639bb082d,meta,paid_social,trial_gratuito,2026-05-10T22:29:37.713788
04789f70-ccd7-4c6b-bcb6-bbde122ef8f9,81be9ed2-5234-4eb6-af66-009639bb082d,meta,paid_social,trial_gratuito,2026-01-24T15:35:04.440464
a235b9ea-c7d6-48b2-b4cd-65e3091be51d,81be9ed2-5234-4eb6-af66-009639bb082d,meta,paid_social,trial_gratuito,2026-03-11T12:39:52.514179
af8f2d08-5c4a-458f-b03c-ce8999e69ad4,81be9ed2-5234-4eb6-af66-009639bb082d,meta,paid_social,trial_gratuito,2025-10-13T23:36:55.019388
7ff4caa1-4e2b-4b64-8494-2db184158b4e,81be9ed2-5234-4eb6-af66-009639bb082d,meta,paid_social,trial_gratuito,2025-12-21T00:47:01.442767
e45fb09b-793e-40cb-b77d-3dca9654b229,81be9ed2-5234-4eb6-af66-009639bb082d,meta,paid_social,trial_gratuito,2025-04-25T03:03:16.755781
0414b5fc-c023-474b-830c-7d437d3926ab,81be9ed2-5234-4eb6-af66-009639bb082d,meta,paid_social,trial_gratuito,2025-10-22T00:02:22.257074
7cfdcc79-fd75-4fca-b1db-6e645f56aef1,81be9ed2-5234-4eb6-af66-009639bb082d,meta,paid_social,trial_gratuito,2025-05-19T09:50:00.383172
29d97908-f65a-4253-b3b7-dab6cb0aa272,81be9ed2-5234-4eb6-af66-009639bb082d,meta,paid_social,trial_gratuito,2026-05-26T14:17:53.439151
a1474a4e-4585-4290-b08c-5ee871a6234b,81be9ed2-5234-4eb6-af66-009639bb082d,meta,paid_social,trial_gratuito,2025-04-19T05:02:09.506071
9b90392f-106c-45e2-8ead-6bf522705989,81be9ed2-5234-4eb6-af66-009639bb082d,meta,paid_social,trial_gratuito,2026-08-01T04:50:50.938623
0afe5946-433d-440d-a339-34c0b6b92a6c,81be9ed2-5234-4eb6-af66-009639bb082d,meta,paid_social,trial_gratuito,2025-12-02T23:37:23.100224
655bde66-d891-430a-a2a7-d940b3cabdbe,81be9ed2-5234-4eb6-af66-009639bb082d,meta,paid_social,trial_gratuito,2026-04-25T16:50:10.192029
3f0998dd-39c0-40b4-82e4-39e5896e8d76,81be9ed2-5234-4eb6-af66-009639bb082d,meta,paid_social,trial_gratuito,2025-06-11T05:01:19.219821
91b9d57c-03e4-4282-b11d-b2905babb360,81be9ed2-5234-4eb6-af66-009639bb082d,meta,paid_social,trial_gratuito,2026-07-22T11:22:57.940493
94b28b90-d1b2-47b6-9a78-6fae1b1929f4,81be9ed2-5234-4eb6-af66-009639bb082d,meta,paid_social,trial_gratuito,2026-03-01T16:02:50.728342
88b3ef7f-109b-412a-ac8c-6f66cce95dae,81be9ed2-5234-4eb6-af66-009639bb082d,meta,paid_social,trial_gratuito,2026-07-20T09:17:06.033579
504fb429-9eb0-4b96-af9c-46d9816dcb36,81be9ed2-5234-4eb6-af66-009639bb082d,meta,paid_social,trial_gratuito,2026-06-03T23:24:02.904965
d23a88ba-1867-4192-9b26-c5ca1f06abf9,81be9ed2-5234-4eb6-af66-009639bb082d,meta,paid_social,trial_gratuito,2026-05-15T13:24:07.045939
c483f9f8-15e9-463e-825b-d33e1ce14a08,81be9ed2-5234-4eb6-af66-009639bb082d,meta,paid_social,trial_gratuito,2026-06-10T10:31:49.458324
9602da95-74c2-4974-9be7-80fd3720b93c,81be9ed2-5234-4eb6-af66-009639bb082d,meta,paid_social,trial_gratuito,2026-05-30T18:33:22.684160
8af23f02-dc45-494f-bd3e-74463bcb143a,81be9ed2-5234-4eb6-af66-009639bb082d,meta,paid_social,trial_gratuito,2026-03-20T06:44:26.500989
bcba1296-6e52-41d5-b32a-55d9863b869e,81be9ed2-5234-4eb6-af66-009639bb082d,meta,paid_social,trial_gratuito,2025-08-18T06:45:18.219595
efed028d-6bbf-494b-bee9-8105aea0065e,81be9ed2-5234-4eb6-af66-009639bb082d,meta,paid_social,trial_gratuito,2025-06-02T11:21:04.045928
7cec7c08-e344-4ad1-89a8-c2b13c1992fa,81be9ed2-5234-4eb6-af66-009639bb082d,meta,paid_social,trial_gratuito,2025-08-28T10:35:02.656390
3f8d0ed7-8227-48eb-8103-b807455afed7,81be9ed2-5234-4eb6-af66-009639bb082d,meta,paid_social,trial_gratuito,2026-05-29T03:02:47.104709
3d45d221-03ac-48d5-8a6e-d13ad2e9ffef,81be9ed2-5234-4eb6-af66-009639bb082d,meta,paid_social,trial_gratuito,2026-07-01T12:09:40.568185
fba19e0d-4e8f-4f69-90fc-487fc76f05e1,81be9ed2-5234-4eb6-af66-009639bb082d,meta,paid_social,trial_gratuito,2025-11-28T18:21:08.403665
3881eeab-1246-4267-aa3d-32030510a6df,81be9ed2-5234-4eb6-af66-009639bb082d,meta,paid_social,trial_gratuito,2025-11-05T11:31:15.515827
7a2bc09b-f55c-4680-b31d-d56ce9b0ec95,81be9ed2-5234-4eb6-af66-009639bb082d,meta,paid_social,trial_gratuito,2025-12-23T09:42:13.501415
dc748a87-1d66-4a9d-9659-e7934317d7ca,81be9ed2-5234-4eb6-af66-009639bb082d,meta,paid_social,trial_gratuito,2026-07-13T03:41:52.956650
5e1c41b6-876b-4695-8a27-c8baae446469,81be9ed2-5234-4eb6-af66-009639bb082d,meta,paid_social,trial_gratuito,2025-06-23T15:19:08.582103
4194a656-2d18-4a06-a71e-a1d3ec5457ae,81be9ed2-5234-4eb6-af66-009639bb082d,meta,paid_social,trial_gratuito,2026-07-10T22:16:31.418218
02d38044-2e61-4fdf-8bf8-b78ea2d4a5c0,81be9ed2-5234-4eb6-af66-009639bb082d,meta,paid_social,trial_gratuito,2026-01-10T17:56:45.566837
ab5c7d51-87a6-480f-bed3-38c544c9399d,81be9ed2-5234-4eb6-af66-009639bb082d,meta,paid_social,trial_gratuito,2025-04-16T20:06:19.826034
8a9567eb-ff6f-4023-97dc-9d444d5549b3,81be9ed2-5234-4eb6-af66-009639bb082d,meta,paid_social,trial_gratuito,2026-05-20T21:27:39.504270
a484feb6-0c74-462c-8642-610e2c41e838,81be9ed2-5234-4eb6-af66-009639bb082d,meta,paid_social,trial_gratuito,2025-10-13T21:49:18.531094
9a49f9cc-bda8-443a-ab41-b12d3ed5ec9b,81be9ed2-5234-4eb6-af66-009639bb082d,meta,paid_social,trial_gratuito,2026-08-14T18:40:22.975964
fd763dad-74c1-41bc-9361-825d9e14cdfa,81be9ed2-5234-4eb6-af66-009639bb082d,meta,paid_social,trial_gratuito,2025-06-13T20:52:52.618688
dc1d1fef-d2df-4d59-b8c0-64b92d9a9d6a,81be9ed2-5234-4eb6-af66-009639bb082d,meta,paid_social,trial_gratuito,2026-08-19T01:47:39.281448
c0896edd-bc2c-4194-8454-c4e838149fac,81be9ed2-5234-4eb6-af66-009639bb082d,meta,paid_social,trial_gratuito,2025-06-09T13:03:39.761972
00f0aa69-869c-4cd4-96f4-f3490fca757b,81be9ed2-5234-4eb6-af66-009639bb082d,meta,paid_social,trial_gratuito,2026-07-20T01:56:41.917883
4d5cdd10-35fe-4ed7-9636-1f58f99825bc,81be9ed2-5234-4eb6-af66-009639bb082d,meta,paid_social,trial_gratuito,2026-03-27T19:24:35.686137
75ed7fda-5850-453e-b597-0b8d6be921d9,81be9ed2-5234-4eb6-af66-009639bb082d,meta,paid_social,trial_gratuito,2025-04-19T08:09:47.866959
bf26ddeb-9130-49f3-86f1-515c7248e518,81be9ed2-5234-4eb6-af66-009639bb082d,meta,paid_social,trial_gratuito,2026-05-11T09:24:30.568269
42df79ac-a224-4702-9d12-753c02f930f6,81be9ed2-5234-4eb6-af66-009639bb082d,meta,paid_social,trial_gratuito,2025-08-07T03:55:59.535290
37b812ec-f967-4938-b2c0-22c2d565c693,81be9ed2-5234-4eb6-af66-009639bb082d,meta,paid_social,trial_gratuito,2025-11-07T09:45:18.414877
c2ebd535-7e6b-4bb3-932e-7f2626d2d0d1,81be9ed2-5234-4eb6-af66-009639bb082d,meta,paid_social,trial_gratuito,2026-04-08T13:18:54.168870
4042d81a-6c83-4c2b-a2d7-ebda48875b35,81be9ed2-5234-4eb6-af66-009639bb082d,meta,paid_social,trial_gratuito,2025-04-24T20:27:44.051520
f4a79326-e873-4f94-888d-26d54893938b,81be9ed2-5234-4eb6-af66-009639bb082d,meta,paid_social,trial_gratuito,2025-09-22T09:00:07.200323
cdab4a58-812b-4fc8-b3c4-9a14ebc4aecd,81be9ed2-5234-4eb6-af66-009639bb082d,meta,paid_social,trial_gratuito,2026-05-03T01:27:42.404923
a72ecba4-6191-466d-8c89-c92b2bda20f7,81be9ed2-5234-4eb6-af66-009639bb082d,meta,paid_social,trial_gratuito,2026-03-24T14:03:25.917306
3754949c-9124-4e0f-95d8-efadfcac3782,81be9ed2-5234-4eb6-af66-009639bb082d,meta,paid_social,trial_gratuito,2025-10-31T12:03:24.389638
d892f140-2d86-4f54-8633-403e63f04258,81be9ed2-5234-4eb6-af66-009639bb082d,meta,paid_social,trial_gratuito,2025-07-21T18:34:15.934674
8e59e888-c1a7-4801-ba09-9bafd5a538e5,81be9ed2-5234-4eb6-af66-009639bb082d,meta,paid_social,trial_gratuito,2026-02-24T21:54:28.933631
bc92aaa6-a6d6-45b2-b448-210ccdcac59c,81be9ed2-5234-4eb6-af66-009639bb082d,meta,paid_social,trial_gratuito,2026-02-22T06:38:22.581901
ddf2bc43-a3af-4870-bf19-6b7a6c4cdfed,81be9ed2-5234-4eb6-af66-009639bb082d,meta,paid_social,trial_gratuito,2026-08-07T09:47:38.387087
80895ae8-3e03-4560-989d-bd206cd6b82c,81be9ed2-5234-4eb6-af66-009639bb082d,meta,paid_social,trial_gratuito,2026-02-03T14:23:53.015840
fa221f40-3090-490a-9510-7e6054ab8995,81be9ed2-5234-4eb6-af66-009639bb082d,meta,paid_social,trial_gratuito,2026-07-02T23:30:57.315707
8178a711-320f-4c32-b7d7-7018ec061a5e,81be9ed2-5234-4eb6-af66-009639bb082d,meta,paid_social,trial_gratuito,2026-03-07T00:22:10.429607
666b7cc9-31b6-4fdf-bd42-01fb2df2e327,81be9ed2-5234-4eb6-af66-009639bb082d,meta,paid_social,trial_gratuito,2026-07-04T23:44:33.149297
035b6cf2-dd90-4e9f-b9f7-c2aaef4f8806,81be9ed2-5234-4eb6-af66-009639bb082d,meta,paid_social,trial_gratuito,2026-05-31T01:00:09.596667
1b476d47-8bb7-4169-a28c-b2948f4b2f2a,81be9ed2-5234-4eb6-af66-009639bb082d,meta,paid_social,trial_gratuito,2026-03-29T21:34:13.476038
f89234e9-f1d7-4bb3-9bf8-f95a7b14531f,81be9ed2-5234-4eb6-af66-009639bb082d,meta,paid_social,trial_gratuito,2026-02-22T21:27:57.969757
7fc14589-3c44-47d8-9dd6-9944087077cf,81be9ed2-5234-4eb6-af66-009639bb082d,meta,paid_social,trial_gratuito,2025-12-20T04:07:25.436916
7bab4f96-9eea-4087-ac4e-aff33258d0b0,81be9ed2-5234-4eb6-af66-009639bb082d,meta,paid_social,trial_gratuito,2025-05-09T22:59:25.266406
01e4c958-a1c5-43c4-9dc7-27a5bb663d96,81be9ed2-5234-4eb6-af66-009639bb082d,meta,paid_social,trial_gratuito,2026-07-03T00:31:58.481688
7ec19491-d1d3-45f9-8900-3eda17a03b7c,81be9ed2-5234-4eb6-af66-009639bb082d,meta,paid_social,trial_gratuito,2025-10-13T17:55:48.023491
fe17fa52-a1e6-4997-8b85-1fe0a22d8faa,81be9ed2-5234-4eb6-af66-009639bb082d,meta,paid_social,trial_gratuito,2025-10-30T14:42:30.862323
a226208c-8ab9-466d-bd45-b1af113b2587,81be9ed2-5234-4eb6-af66-009639bb082d,meta,paid_social,trial_gratuito,2026-07-07T11:53:53.857763
72be3989-6462-4579-9c61-0225d71649a7,81be9ed2-5234-4eb6-af66-009639bb082d,meta,paid_social,trial_gratuito,2026-07-19T01:02:29.831694
b04bb506-7622-4747-84f1-f91fa262bf19,81be9ed2-5234-4eb6-af66-009639bb082d,meta,paid_social,trial_gratuito,2026-05-15T01:48:05.066370
3ac8a71c-49f3-43be-8e57-c412bf8478e1,81be9ed2-5234-4eb6-af66-009639bb082d,meta,paid_social,trial_gratuito,2025-11-20T01:57:30.263180
48fc5972-8484-483e-8d01-134360633d8b,81be9ed2-5234-4eb6-af66-009639bb082d,meta,paid_social,trial_gratuito,2026-06-28T17:40:52.497456
49d2b004-c702-40f9-b312-0279232feb1e,81be9ed2-5234-4eb6-af66-009639bb082d,meta,paid_social,trial_gratuito,2025-08-09T07:39:44.533966
5ace6721-2c6e-492a-a6e3-4609e058434e,81be9ed2-5234-4eb6-af66-009639bb082d,meta,paid_social,trial_gratuito,2025-05-29T04:54:31.387244
d43a8629-2e8e-42a0-a86b-7e724f6d7ce7,81be9ed2-5234-4eb6-af66-009639bb082d,meta,paid_social,trial_gratuito,2025-12-09T03:39:50.046209
1b8e38fd-0e42-4b8a-ba82-534918fbd1f1,81be9ed2-5234-4eb6-af66-009639bb082d,meta,paid_social,trial_gratuito,2025-09-21T20:29:52.877621
430427c0-27a2-4467-8b1e-9788af866770,81be9ed2-5234-4eb6-af66-009639bb082d,meta,paid_social,trial_gratuito,2025-11-14T23:42:14.829530
8369e363-85d9-4367-b8e0-8f59a792cc5d,81be9ed2-5234-4eb6-af66-009639bb082d,meta,paid_social,trial_gratuito,2025-12-04T16:09:08.327119
9f918bf4-3974-489b-bf1b-584a62b24d42,81be9ed2-5234-4eb6-af66-009639bb082d,meta,paid_social,trial_gratuito,2025-10-02T10:31:25.240364
d5f01849-e479-4ecd-b4d7-1636396d949e,81be9ed2-5234-4eb6-af66-009639bb082d,meta,paid_social,trial_gratuito,2026-05-23T15:39:06.099523
42d94251-67e2-40a2-9e68-5b5f3be4d4e4,81be9ed2-5234-4eb6-af66-009639bb082d,meta,paid_social,trial_gratuito,2026-06-26T15:47:42.926386
e0e62453-37c3-4883-bfde-30aff8037f64,81be9ed2-5234-4eb6-af66-009639bb082d,meta,paid_social,trial_gratuito,2026-07-06T07:13:13.014580
c8b208b0-b1b8-478d-a028-31b4b1ae0905,81be9ed2-5234-4eb6-af66-009639bb082d,meta,paid_social,trial_gratuito,2025-08-24T03:39:00.014147
2f4b97dc-aa05-4e01-b7af-bb576639bdc9,81be9ed2-5234-4eb6-af66-009639bb082d,meta,paid_social,trial_gratuito,2026-04-11T17:38:48.166309
91988b6f-465b-4f90-803f-c369eda0e03e,81be9ed2-5234-4eb6-af66-009639bb082d,meta,paid_social,trial_gratuito,2025-07-03T00:08:24.030368
ca5592f6-5659-4b6c-a467-ebe5f518e8df,81be9ed2-5234-4eb6-af66-009639bb082d,meta,paid_social,trial_gratuito,2025-10-13T13:18:22.227033
8f4e98d6-49ea-46d3-abc8-360d5923e40a,81be9ed2-5234-4eb6-af66-009639bb082d,meta,paid_social,trial_gratuito,2025-09-01T18:38:23.125726
520aa5c5-eca2-4640-b4d1-bee256786bb0,81be9ed2-5234-4eb6-af66-009639bb082d,meta,paid_social,trial_gratuito,2025-07-06T16:36:48.488401
6fbd5b7f-0508-49fb-84c9-d5b273d07bd6,81be9ed2-5234-4eb6-af66-009639bb082d,meta,paid_social,trial_gratuito,2026-02-26T11:37:59.875207
6b0e40f5-581a-4013-8ba9-2f0d5486f98e,81be9ed2-5234-4eb6-af66-009639bb082d,meta,paid_social,trial_gratuito,2026-01-09T12:17:52.924088
3729a256-ffb9-44c7-9410-b2d14e8a0380,81be9ed2-5234-4eb6-af66-009639bb082d,meta,paid_social,trial_gratuito,2025-08-03T07:16:46.631706
c2da6f52-44d7-4424-a0a1-13951c5e2b46,81be9ed2-5234-4eb6-af66-009639bb082d,meta,paid_social,trial_gratuito,2026-03-23T13:27:55.349512
6bb47ee2-3b34-4468-afda-9d70b56f0136,81be9ed2-5234-4eb6-af66-009639bb082d,meta,paid_social,trial_gratuito,2025-10-21T22:51:24.962046
91f2f638-ce83-46ae-b618-4d4a8a00f0d9,81be9ed2-5234-4eb6-af66-009639bb082d,meta,paid_social,trial_gratuito,2025-11-26T17:11:36.343005
bb30020a-ea3d-42bf-9809-b085bdf5b10c,81be9ed2-5234-4eb6-af66-009639bb082d,meta,paid_social,trial_gratuito,2026-04-20T19:40:15.499705
f41ae2d9-d71d-4047-a846-6ea514d4246c,81be9ed2-5234-4eb6-af66-009639bb082d,meta,paid_social,trial_gratuito,2026-01-04T04:56:08.662977
1bab2b6b-62d4-4be4-808e-77b8e286ba51,81be9ed2-5234-4eb6-af66-009639bb082d,meta,paid_social,trial_gratuito,2026-08-17T13:29:31.193743
9782b4d8-f90c-42a1-995f-6904287b5b15,81be9ed2-5234-4eb6-af66-009639bb082d,meta,paid_social,trial_gratuito,2025-08-04T16:00:43.414816
1709b4e9-6e56-4333-b418-b801b80ca52a,81be9ed2-5234-4eb6-af66-009639bb082d,meta,paid_social,trial_gratuito,2025-10-08T12:09:38.203922
60b1a7a5-553a-4ea6-b341-20f729ec8205,81be9ed2-5234-4eb6-af66-009639bb082d,meta,paid_social,trial_gratuito,2026-08-17T08:44:50.206246
3cec062c-74b1-4770-b6bc-68c48d413f18,81be9ed2-5234-4eb6-af66-009639bb082d,meta,paid_social,trial_gratuito,2026-08-02T06:47:39.547332
9d7d8e12-11b9-4d1b-aa64-07cfec370fd5,81be9ed2-5234-4eb6-af66-009639bb082d,meta,paid_social,trial_gratuito,2025-04-08T13:06:35.952498
ef646e06-61d1-4b42-84a5-ceab045fb201,81be9ed2-5234-4eb6-af66-009639bb082d,meta,paid_social,trial_gratuito,2026-07-23T06:56:37.611651
4fff02df-c62b-4ccc-82bc-e451679e19f1,81be9ed2-5234-4eb6-af66-009639bb082d,meta,paid_social,trial_gratuito,2026-05-08T16:19:27.347731
499c444c-ed1d-4822-b2a9-93e509003325,81be9ed2-5234-4eb6-af66-009639bb082d,meta,paid_social,trial_gratuito,2025-12-17T07:01:14.822598
39ab36d3-cfba-452c-992c-d8ef4a11099b,81be9ed2-5234-4eb6-af66-009639bb082d,meta,paid_social,trial_gratuito,2025-07-16T14:24:47.458575
6288b586-5f33-4870-9c8d-bd05d4b944e2,81be9ed2-5234-4eb6-af66-009639bb082d,meta,paid_social,trial_gratuito,2025-11-04T03:23:02.260067
43eba2e3-df28-41c1-bccb-e0e7269d250f,81be9ed2-5234-4eb6-af66-009639bb082d,meta,paid_social,trial_gratuito,2025-07-13T05:40:14.851380
29d4ba0f-f3df-4c7e-9985-f72b2ffceee0,81be9ed2-5234-4eb6-af66-009639bb082d,meta,paid_social,trial_gratuito,2026-03-19T09:33:08.011717
021eff21-6249-425c-a6db-e0cc295ff342,81be9ed2-5234-4eb6-af66-009639bb082d,meta,paid_social,trial_gratuito,2025-05-25T06:54:49.731197
244e2187-b522-4b03-abb3-7181f681fb27,81be9ed2-5234-4eb6-af66-009639bb082d,meta,paid_social,trial_gratuito,2025-04-04T23:54:19.291848
6cca974b-46f2-4e7a-8594-74200f132312,81be9ed2-5234-4eb6-af66-009639bb082d,meta,paid_social,trial_gratuito,2026-04-25T11:32:08.110761
497b969b-263e-401c-b78c-4aea76a6080b,81be9ed2-5234-4eb6-af66-009639bb082d,meta,paid_social,trial_gratuito,2026-05-03T21:45:48.177975
ab64f361-3683-41f8-88b4-cb6f097304c3,81be9ed2-5234-4eb6-af66-009639bb082d,meta,paid_social,trial_gratuito,2026-05-27T06:50:57.904424
772538af-0b4c-433e-81aa-50c34df8bfa8,81be9ed2-5234-4eb6-af66-009639bb082d,meta,paid_social,trial_gratuito,2025-08-20T18:48:40.893704
b74e386f-9178-45a3-8a61-463b3d0440a2,81be9ed2-5234-4eb6-af66-009639bb082d,meta,paid_social,trial_gratuito,2025-11-28T04:38:07.041914
29aaed45-1384-4d29-b9c2-46a8301ac677,81be9ed2-5234-4eb6-af66-009639bb082d,meta,paid_social,trial_gratuito,2025-12-22T02:58:27.363040
e71b4f8a-ac04-4fef-8e07-a4ce168af17c,81be9ed2-5234-4eb6-af66-009639bb082d,meta,paid_social,trial_gratuito,2025-12-10T01:14:51.837176
0d804970-3d9d-46af-9a9c-04de28fc6a97,81be9ed2-5234-4eb6-af66-009639bb082d,meta,paid_social,trial_gratuito,2026-07-24T21:23:48.909801
a9605f94-8725-4e17-a53c-9d789ea1cdca,81be9ed2-5234-4eb6-af66-009639bb082d,meta,paid_social,trial_gratuito,2026-04-15T08:54:02.388466
3d498241-7d93-4501-9221-5e45ee3289d3,81be9ed2-5234-4eb6-af66-009639bb082d,meta,paid_social,trial_gratuito,2026-03-06T07:07:14.694353
403fd203-fe50-47cc-8077-bf22b6688159,2e9a1172-000a-42f7-a9f9-ae43b3c38e2a,google,cpc,demo_agendada,2026-02-20T11:25:39.820507
761641e8-e657-471f-8268-dc11ea5cbbe6,2e9a1172-000a-42f7-a9f9-ae43b3c38e2a,google,cpc,demo_agendada,2025-09-21T16:30:08.614374
7dda65d7-598d-49dc-a517-f5f4798e2531,2e9a1172-000a-42f7-a9f9-ae43b3c38e2a,google,cpc,demo_agendada,2025-09-11T20:29:42.259140
e48f7e35-e82a-4884-bfec-69ce013d396d,2e9a1172-000a-42f7-a9f9-ae43b3c38e2a,google,cpc,demo_agendada,2025-05-03T19:32:21.392177
93fb7f69-d62c-41f5-8188-5aa0035f2b6d,2e9a1172-000a-42f7-a9f9-ae43b3c38e2a,google,cpc,demo_agendada,2025-10-15T21:41:44.489287
b333f9b9-ad0f-4f1a-8b1b-cc2008748677,2e9a1172-000a-42f7-a9f9-ae43b3c38e2a,google,cpc,demo_agendada,2026-01-10T20:32:12.738179
2250575a-f14d-4ef7-89a3-449a1572ca09,2e9a1172-000a-42f7-a9f9-ae43b3c38e2a,google,cpc,demo_agendada,2026-08-20T17:27:57.243275
2ceac3de-ef48-4689-9d9b-a4c6ff9b373e,2e9a1172-000a-42f7-a9f9-ae43b3c38e2a,google,cpc,demo_agendada,2025-05-21T19:37:57.644948
9a9f57bf-d181-46a6-8e56-dcac6f0c7d8d,2e9a1172-000a-42f7-a9f9-ae43b3c38e2a,google,cpc,demo_agendada,2025-05-22T04:14:59.028413
ab7d1fb9-cc56-4b2f-af73-8fd117196fab,2e9a1172-000a-42f7-a9f9-ae43b3c38e2a,google,cpc,demo_agendada,2025-12-05T13:47:00.831569
e5c42536-74a4-4e7e-bc86-56f4595f53d3,2e9a1172-000a-42f7-a9f9-ae43b3c38e2a,google,cpc,demo_agendada,2026-01-18T11:03:13.560122
039eaebc-54ad-4b7b-9ed4-9cac8c9384a7,2e9a1172-000a-42f7-a9f9-ae43b3c38e2a,google,cpc,demo_agendada,2026-01-03T22:37:16.896868
2a844f35-ce44-48a2-b073-3957ec421c4a,2e9a1172-000a-42f7-a9f9-ae43b3c38e2a,google,cpc,demo_agendada,2025-12-12T02:06:10.681523
6b675faa-8fa9-4ead-8073-5439ec4bdb94,2e9a1172-000a-42f7-a9f9-ae43b3c38e2a,google,cpc,demo_agendada,2025-09-29T00:24:54.376624
04e62765-4e11-436d-a8ed-5fe4410a9613,2e9a1172-000a-42f7-a9f9-ae43b3c38e2a,google,cpc,demo_agendada,2026-03-23T02:54:01.970016
484170b4-74b4-4d23-92b1-eab8f39ec64b,2e9a1172-000a-42f7-a9f9-ae43b3c38e2a,google,cpc,demo_agendada,2025-06-24T12:57:33.729383
f755b23f-cbe2-42d9-bf80-efdea924294d,2e9a1172-000a-42f7-a9f9-ae43b3c38e2a,google,cpc,demo_agendada,2026-02-16T20:20:54.384757
e8f31c2f-9466-49a3-80ff-4b8b92e82761,2e9a1172-000a-42f7-a9f9-ae43b3c38e2a,google,cpc,demo_agendada,2025-07-29T19:20:01.257938
b705a2e8-f112-4257-829c-823981bfefa3,2e9a1172-000a-42f7-a9f9-ae43b3c38e2a,google,cpc,demo_agendada,2025-11-22T13:19:09.588516
3c6cc15c-f1d0-4f69-a900-7fafdf6640a7,2e9a1172-000a-42f7-a9f9-ae43b3c38e2a,google,cpc,demo_agendada,2026-02-27T16:41:43.507787
37e92fe2-5781-4c62-b61b-d81b424ffb78,2e9a1172-000a-42f7-a9f9-ae43b3c38e2a,google,cpc,demo_agendada,2025-04-27T00:33:41.487793
ccaebb3f-e3de-4c9a-a60e-9f9038bc4a49,2e9a1172-000a-42f7-a9f9-ae43b3c38e2a,google,cpc,demo_agendada,2026-07-11T07:41:01.076606
0c63d9e3-6e37-465f-913a-2ca15aa7a333,2e9a1172-000a-42f7-a9f9-ae43b3c38e2a,google,cpc,demo_agendada,2026-08-09T11:40:22.183144
1c3fe430-41cc-48e3-9d37-d46ab32af287,2e9a1172-000a-42f7-a9f9-ae43b3c38e2a,google,cpc,demo_agendada,2026-08-01T20:13:29.269176
3354d039-4924-402d-85df-2516c9339384,2e9a1172-000a-42f7-a9f9-ae43b3c38e2a,google,cpc,demo_agendada,2025-06-01T21:12:52.446530
ab0361db-c6e6-438a-bd30-ddda38aa1ba1,2e9a1172-000a-42f7-a9f9-ae43b3c38e2a,google,cpc,demo_agendada,2025-07-08T02:51:51.208000
1ca4a1d3-5fcb-4cfa-a231-d93dd5b7326f,2e9a1172-000a-42f7-a9f9-ae43b3c38e2a,google,cpc,demo_agendada,2025-07-15T11:55:19.926901
226d5ddb-2005-4fbe-9b51-aac9f671b0f3,2e9a1172-000a-42f7-a9f9-ae43b3c38e2a,google,cpc,demo_agendada,2026-02-21T05:36:23.016754
332a416b-19b1-4ed8-ac55-c4d1c14b55c3,2e9a1172-000a-42f7-a9f9-ae43b3c38e2a,google,cpc,demo_agendada,2025-04-22T04:38:28.402419
9cc5a5be-d749-4a46-b601-26856fdfa12f,2e9a1172-000a-42f7-a9f9-ae43b3c38e2a,google,cpc,demo_agendada,2025-05-10T22:50:24.264878
ce07c644-75df-485e-9707-3763cfcca840,2e9a1172-000a-42f7-a9f9-ae43b3c38e2a,google,cpc,demo_agendada,2025-05-10T18:22:13.350214
cdf33732-c921-4faf-9f9e-803c0640299f,2e9a1172-000a-42f7-a9f9-ae43b3c38e2a,google,cpc,demo_agendada,2026-07-21T17:45:11.826522
82431959-be93-434b-ae9f-34cfb3c3545f,2e9a1172-000a-42f7-a9f9-ae43b3c38e2a,google,cpc,demo_agendada,2025-06-18T04:39:44.272668
812d4878-54f2-470f-9d55-0dadf11736a9,2e9a1172-000a-42f7-a9f9-ae43b3c38e2a,google,cpc,demo_agendada,2026-07-19T02:47:10.200084
99ecd3af-d985-4452-82aa-bdf9cd7c38b4,2e9a1172-000a-42f7-a9f9-ae43b3c38e2a,google,cpc,demo_agendada,2025-08-23T09:29:24.666762
cdcb1cba-f176-4a32-9f7a-924bda91dd7f,2e9a1172-000a-42f7-a9f9-ae43b3c38e2a,google,cpc,demo_agendada,2026-05-29T10:52:25.632692
4e0c1509-677e-4bfb-8f2b-838f25d07f1b,2e9a1172-000a-42f7-a9f9-ae43b3c38e2a,google,cpc,demo_agendada,2025-07-26T13:36:00.089468
ec39302c-d448-48bd-b73c-a8733f5fc88b,2e9a1172-000a-42f7-a9f9-ae43b3c38e2a,google,cpc,demo_agendada,2025-04-21T03:16:55.671773
49431510-3908-4d2a-9326-16325aee1665,2e9a1172-000a-42f7-a9f9-ae43b3c38e2a,google,cpc,demo_agendada,2025-05-28T20:09:33.544635
dca422af-eb5a-4c64-8801-abe4ce69029e,2e9a1172-000a-42f7-a9f9-ae43b3c38e2a,google,cpc,demo_agendada,2026-03-30T05:48:49.883792
e24a1a6b-0db8-40f8-8c22-b25c8250d40e,2e9a1172-000a-42f7-a9f9-ae43b3c38e2a,google,cpc,demo_agendada,2026-04-08T16:54:32.022638
dd4d8bea-8583-43d2-b69c-8bb7aa005bae,2e9a1172-000a-42f7-a9f9-ae43b3c38e2a,google,cpc,demo_agendada,2025-08-17T11:04:49.808888
a627c1b9-1f6b-494e-922e-37cb207595c7,2e9a1172-000a-42f7-a9f9-ae43b3c38e2a,google,cpc,demo_agendada,2026-02-15T18:02:14.956850
847f4e66-e679-494a-8e92-7bc6a837db9c,2e9a1172-000a-42f7-a9f9-ae43b3c38e2a,google,cpc,demo_agendada,2025-05-21T08:39:56.737018
725e6b26-92f7-490a-ad2a-117c979ec1ec,2e9a1172-000a-42f7-a9f9-ae43b3c38e2a,google,cpc,demo_agendada,2025-04-21T14:01:03.226079
e30204a4-b063-4373-adab-7bd99cac1522,2e9a1172-000a-42f7-a9f9-ae43b3c38e2a,google,cpc,demo_agendada,2025-11-19T10:54:33.223188
e934dd55-aa67-4478-a095-49c18a459ebf,2e9a1172-000a-42f7-a9f9-ae43b3c38e2a,google,cpc,demo_agendada,2025-12-21T04:02:18.830164
56a7d03b-d2d1-4cf9-a426-08edacedca86,2e9a1172-000a-42f7-a9f9-ae43b3c38e2a,google,cpc,demo_agendada,2026-05-22T23:33:23.940677
86be9ec9-5430-49fe-81f6-f14d1881d455,2e9a1172-000a-42f7-a9f9-ae43b3c38e2a,google,cpc,demo_agendada,2026-04-14T18:51:48.134085
11adfdd9-6319-41ce-aaa5-f2b5c981f72c,2e9a1172-000a-42f7-a9f9-ae43b3c38e2a,google,cpc,demo_agendada,2026-02-12T05:25:55.259964
58a7590d-cd86-48a8-a23b-8e7d696d4475,2e9a1172-000a-42f7-a9f9-ae43b3c38e2a,google,cpc,demo_agendada,2025-12-02T08:55:39.531813
2c5ac8a6-b314-4046-987f-0d075ff3a82d,2e9a1172-000a-42f7-a9f9-ae43b3c38e2a,google,cpc,demo_agendada,2025-11-19T10:26:16.017426
319e25c4-90a8-4a57-84f9-abc6a439d76e,2e9a1172-000a-42f7-a9f9-ae43b3c38e2a,google,cpc,demo_agendada,2025-03-30T16:31:10.271050
bba62e37-a44c-4010-8db3-133005fd900d,2e9a1172-000a-42f7-a9f9-ae43b3c38e2a,google,cpc,demo_agendada,2025-09-21T04:58:32.803907
7b36afaa-62ed-4670-938e-d390c214fe63,2e9a1172-000a-42f7-a9f9-ae43b3c38e2a,google,cpc,demo_agendada,2025-04-15T05:20:19.775170
7992ab21-a58a-4ec4-8f18-412f42d7a64a,2e9a1172-000a-42f7-a9f9-ae43b3c38e2a,google,cpc,demo_agendada,2025-06-18T21:11:29.722944
6c7eee05-11a8-4aed-9c7f-6772ec9e5ebd,2e9a1172-000a-42f7-a9f9-ae43b3c38e2a,google,cpc,demo_agendada,2026-03-01T17:29:11.382927
284bb551-8946-4bac-a4ee-379d9dfb01e1,2e9a1172-000a-42f7-a9f9-ae43b3c38e2a,google,cpc,demo_agendada,2025-10-02T23:39:23.788382
76521c86-bf2d-4b34-9bab-1fa0e8eb0715,2e9a1172-000a-42f7-a9f9-ae43b3c38e2a,google,cpc,demo_agendada,2026-08-12T22:35:25.222852
4b29144f-b083-4405-81ee-9e8fc88ef584,2e9a1172-000a-42f7-a9f9-ae43b3c38e2a,google,cpc,demo_agendada,2025-06-04T16:55:34.801644
1de3dd69-09bf-491a-aa35-e829d178e084,2e9a1172-000a-42f7-a9f9-ae43b3c38e2a,google,cpc,demo_agendada,2026-03-25T06:32:54.486994
80adcb08-b0ba-4e95-a7ea-c348098ffd56,2e9a1172-000a-42f7-a9f9-ae43b3c38e2a,google,cpc,demo_agendada,2025-12-16T09:15:52.885819
cd036eb3-b877-430d-98df-c598f4f55d42,2e9a1172-000a-42f7-a9f9-ae43b3c38e2a,google,cpc,demo_agendada,2026-01-15T14:43:16.928116
6b4c4d6b-b2eb-4d3a-9333-c02f2263d177,2e9a1172-000a-42f7-a9f9-ae43b3c38e2a,google,cpc,demo_agendada,2025-09-26T17:46:22.665506
d92b700c-b5eb-4d79-8c5c-6f19204c179a,2e9a1172-000a-42f7-a9f9-ae43b3c38e2a,google,cpc,demo_agendada,2025-04-21T16:05:27.481052
5b3da80c-fb66-4043-ac89-1e41d17c8491,2e9a1172-000a-42f7-a9f9-ae43b3c38e2a,google,cpc,demo_agendada,2026-04-03T00:17:14.105865
315caf3a-45d7-4345-9801-5b3bfcb0f001,2e9a1172-000a-42f7-a9f9-ae43b3c38e2a,google,cpc,demo_agendada,2025-03-28T13:30:39.457565
2bfb8ae3-8fd7-4283-85a4-624067218810,2e9a1172-000a-42f7-a9f9-ae43b3c38e2a,google,cpc,demo_agendada,2025-10-28T05:01:10.200458
9ed1b2d8-e905-4a0a-9a00-95325606a625,2e9a1172-000a-42f7-a9f9-ae43b3c38e2a,google,cpc,demo_agendada,2025-05-06T00:24:23.590231
7aea0e28-875d-4962-bb42-cf26dc3bed09,2e9a1172-000a-42f7-a9f9-ae43b3c38e2a,google,cpc,demo_agendada,2025-08-04T13:19:02.732115
20381cb6-9499-42c3-b6f9-e6c2cd5cb73a,2e9a1172-000a-42f7-a9f9-ae43b3c38e2a,google,cpc,demo_agendada,2025-12-13T00:44:02.916053
955d7b98-c86b-4dba-bc07-7ce28f620fc3,2e9a1172-000a-42f7-a9f9-ae43b3c38e2a,google,cpc,demo_agendada,2025-05-27T20:14:24.147330
231a0458-a60f-4010-a142-c0d2a1735e8f,2e9a1172-000a-42f7-a9f9-ae43b3c38e2a,google,cpc,demo_agendada,2025-09-17T14:13:04.158377
613c4c3f-3b28-4133-9a58-cb9469bcd5f2,2e9a1172-000a-42f7-a9f9-ae43b3c38e2a,google,cpc,demo_agendada,2026-01-13T00:12:47.963622
93f5f3b5-8b4b-46f6-9f63-b271842d33ea,2e9a1172-000a-42f7-a9f9-ae43b3c38e2a,google,cpc,demo_agendada,2025-06-13T14:50:01.802344
81509b30-6adf-4856-84cf-52be1b96ec66,2e9a1172-000a-42f7-a9f9-ae43b3c38e2a,google,cpc,demo_agendada,2025-06-15T07:03:33.760715
b0b618c4-1c48-4f6c-bfdd-38fbfd7ae6c8,2e9a1172-000a-42f7-a9f9-ae43b3c38e2a,google,cpc,demo_agendada,2025-11-17T03:06:24.012708
bf6fd7e4-639e-4057-89fc-12710130bacc,2e9a1172-000a-42f7-a9f9-ae43b3c38e2a,google,cpc,demo_agendada,2025-06-29T22:12:23.593231
3d68dc4f-0527-4d2c-be38-305c7a693ef6,2e9a1172-000a-42f7-a9f9-ae43b3c38e2a,google,cpc,demo_agendada,2025-10-14T18:16:24.356625
15f2c5bd-a024-47c3-8830-bc7f710abba4,2e9a1172-000a-42f7-a9f9-ae43b3c38e2a,google,cpc,demo_agendada,2025-03-31T05:22:05.638825
b9ca4960-2960-47f9-b9f2-5d9146270fac,2e9a1172-000a-42f7-a9f9-ae43b3c38e2a,google,cpc,demo_agendada,2025-03-30T13:02:05.765809
3c146fb3-b1a4-4f38-9ec1-f3bc30fb9b3b,2e9a1172-000a-42f7-a9f9-ae43b3c38e2a,google,cpc,demo_agendada,2025-05-02T10:20:02.293368
c2fc5f4a-503f-4009-bbe7-b1e875441e22,2e9a1172-000a-42f7-a9f9-ae43b3c38e2a,google,cpc,demo_agendada,2026-08-05T14:33:54.469422
6382ebef-2b6b-4def-821a-c3119d4f4688,2e9a1172-000a-42f7-a9f9-ae43b3c38e2a,google,cpc,demo_agendada,2026-07-09T21:19:14.755442
049fa2d4-7172-469a-9fd3-c9b6bd79102a,2e9a1172-000a-42f7-a9f9-ae43b3c38e2a,google,cpc,demo_agendada,2025-09-20T16:02:57.930206
8263a620-9fae-410d-9c3b-809a771a62a0,2e9a1172-000a-42f7-a9f9-ae43b3c38e2a,google,cpc,demo_agendada,2025-11-24T16:19:25.069450
6a068002-beea-4384-86b5-6245fd0e0b88,2e9a1172-000a-42f7-a9f9-ae43b3c38e2a,google,cpc,demo_agendada,2025-06-16T00:01:20.670221
30b7ef64-cbab-4311-ade4-c121742d0554,2e9a1172-000a-42f7-a9f9-ae43b3c38e2a,google,cpc,demo_agendada,2026-06-06T01:04:37.117655
2a4d9429-f50e-4008-a2a0-92c9dd3e9e54,2e9a1172-000a-42f7-a9f9-ae43b3c38e2a,google,cpc,demo_agendada,2026-07-28T13:19:25.293871
c36910a7-a562-4e42-8b61-2b73cfa6511b,2e9a1172-000a-42f7-a9f9-ae43b3c38e2a,google,cpc,demo_agendada,2025-10-16T12:34:38.245642
0b234805-ccde-49fa-bb11-09a9c2d91e35,2e9a1172-000a-42f7-a9f9-ae43b3c38e2a,google,cpc,demo_agendada,2026-02-27T10:30:56.312352
8d7feddd-e2a4-42b7-95c9-9d6a0c1bad75,2e9a1172-000a-42f7-a9f9-ae43b3c38e2a,google,cpc,demo_agendada,2026-01-02T09:45:35.333159
6231db59-4655-4333-a524-3c8d812104f1,2e9a1172-000a-42f7-a9f9-ae43b3c38e2a,google,cpc,demo_agendada,2026-06-23T20:25:56.319715
bf1406e4-be5b-4b94-8f41-7172bc205c2a,2e9a1172-000a-42f7-a9f9-ae43b3c38e2a,google,cpc,demo_agendada,2026-04-04T18:03:58.911731
5e282aeb-c0e7-4823-bdae-f9551dd86c4c,2e9a1172-000a-42f7-a9f9-ae43b3c38e2a,google,cpc,demo_agendada,2026-02-13T12:23:20.092468
91419210-1ce3-40e6-8158-c101007b5332,2e9a1172-000a-42f7-a9f9-ae43b3c38e2a,google,cpc,demo_agendada,2026-06-20T12:01:54.100113
71e673d8-1f43-4022-b7cb-9187efc1f151,2e9a1172-000a-42f7-a9f9-ae43b3c38e2a,google,cpc,demo_agendada,2025-11-08T15:21:45.386294
623a73fa-9a4b-46f6-9d2c-3d95516bddde,2e9a1172-000a-42f7-a9f9-ae43b3c38e2a,google,cpc,demo_agendada,2025-11-14T16:54:22.756848
668d4b73-c20d-4d77-b460-5361528cdbc4,2e9a1172-000a-42f7-a9f9-ae43b3c38e2a,google,cpc,demo_agendada,2025-09-11T15:49:31.992835
8e9c56aa-58c9-4322-a425-e0b3253ecf6f,2e9a1172-000a-42f7-a9f9-ae43b3c38e2a,google,cpc,demo_agendada,2026-03-27T19:51:51.066670
eca97409-1728-4faf-8400-802d8d62ac6c,2e9a1172-000a-42f7-a9f9-ae43b3c38e2a,google,cpc,demo_agendada,2025-09-23T08:39:49.895404
2c3f7aab-ce35-47fd-b851-27111ee65910,2e9a1172-000a-42f7-a9f9-ae43b3c38e2a,google,cpc,demo_agendada,2026-04-11T05:40:38.037326
6a4f0400-522d-48f6-a14b-1ed4a04443af,2e9a1172-000a-42f7-a9f9-ae43b3c38e2a,google,cpc,demo_agendada,2025-10-03T01:56:11.211779
802b9b87-3a0c-4c33-a799-e4d19fd5a9ff,2e9a1172-000a-42f7-a9f9-ae43b3c38e2a,google,cpc,demo_agendada,2025-11-03T06:40:12.964720
35b81872-3ebe-48a6-b222-7b637ecd4e6b,2e9a1172-000a-42f7-a9f9-ae43b3c38e2a,google,cpc,demo_agendada,2026-06-25T16:54:51.466006
57dcf095-8c10-4399-824e-1663cb8cc9d4,2e9a1172-000a-42f7-a9f9-ae43b3c38e2a,google,cpc,demo_agendada,2026-01-15T21:08:46.010312
928fa11a-2c64-474b-a727-54d22852233c,2e9a1172-000a-42f7-a9f9-ae43b3c38e2a,google,cpc,demo_agendada,2026-03-21T06:47:53.678056
586de835-592e-4b43-8443-24a275226fa1,2e9a1172-000a-42f7-a9f9-ae43b3c38e2a,google,cpc,demo_agendada,2025-08-28T22:11:00.696023
f877b439-5652-403a-b807-18f7a7535d83,2e9a1172-000a-42f7-a9f9-ae43b3c38e2a,google,cpc,demo_agendada,2026-03-21T01:06:38.260342
7e920d20-29d5-4f2e-aec2-e40d11467cd9,2e9a1172-000a-42f7-a9f9-ae43b3c38e2a,google,cpc,demo_agendada,2025-05-20T01:37:47.928807
4a68a0aa-451a-49cd-ab60-828bc65adef0,2e9a1172-000a-42f7-a9f9-ae43b3c38e2a,google,cpc,demo_agendada,2025-08-27T00:15:57.610850
c3690f99-fa6b-4d35-ac28-df9813edc766,2e9a1172-000a-42f7-a9f9-ae43b3c38e2a,google,cpc,demo_agendada,2025-09-17T17:58:13.300840
eaacd8ab-27af-4ccc-8837-9eef2b1e8134,2e9a1172-000a-42f7-a9f9-ae43b3c38e2a,google,cpc,demo_agendada,2025-05-05T19:19:44.185055
2c9241b0-b5e6-498f-8fa9-7c508c791540,2e9a1172-000a-42f7-a9f9-ae43b3c38e2a,google,cpc,demo_agendada,2026-05-15T22:16:49.808459
becfbf84-b036-4148-8e96-f6ffdad8af34,2e9a1172-000a-42f7-a9f9-ae43b3c38e2a,google,cpc,demo_agendada,2026-02-05T16:21:01.908028
2e49df84-1fa9-4eab-a770-0c95b038580a,2e9a1172-000a-42f7-a9f9-ae43b3c38e2a,google,cpc,demo_agendada,2025-10-01T08:24:06.191493
6badd457-10e8-4e0d-b40f-b8f8d13c3f71,2e9a1172-000a-42f7-a9f9-ae43b3c38e2a,google,cpc,demo_agendada,2025-10-08T13:52:42.097098
cb5d7ca7-3089-44dd-a35e-1e65b5234d76,2e9a1172-000a-42f7-a9f9-ae43b3c38e2a,google,cpc,demo_agendada,2026-02-27T19:43:30.127204
2b1b7339-2519-4fe7-9473-fc0982165b29,2e9a1172-000a-42f7-a9f9-ae43b3c38e2a,google,cpc,demo_agendada,2026-06-10T08:25:17.420103
2ae973e1-b7ab-4726-8997-a226c0d24ada,2e9a1172-000a-42f7-a9f9-ae43b3c38e2a,google,cpc,demo_agendada,2026-04-04T11:23:58.017535
5b4bafb3-ee09-4b31-96c5-c77a5b03faa1,2e9a1172-000a-42f7-a9f9-ae43b3c38e2a,google,cpc,demo_agendada,2026-01-21T09:58:57.193865
99098477-8063-4199-a070-06a892a6858c,2e9a1172-000a-42f7-a9f9-ae43b3c38e2a,google,cpc,demo_agendada,2025-06-22T10:21:39.063312
af92b6a9-b419-479c-8604-ce4f32258c77,2e9a1172-000a-42f7-a9f9-ae43b3c38e2a,google,cpc,demo_agendada,2025-05-09T06:02:01.687403
190df1c7-b418-42ff-bfe6-edd51009642c,2e9a1172-000a-42f7-a9f9-ae43b3c38e2a,google,cpc,demo_agendada,2025-05-31T03:44:34.903668
674931c3-b8e0-43f6-9be0-8db360da125d,2e9a1172-000a-42f7-a9f9-ae43b3c38e2a,google,cpc,demo_agendada,2025-04-18T12:15:22.942139
374de2d5-47a8-4611-82eb-96fc2c7b0681,2e9a1172-000a-42f7-a9f9-ae43b3c38e2a,google,cpc,demo_agendada,2025-04-07T01:35:57.033969
27e0e914-ac60-4a36-b08b-9ddc98dc8227,2e9a1172-000a-42f7-a9f9-ae43b3c38e2a,google,cpc,demo_agendada,2025-12-11T12:55:04.951296
a6ae5118-1c4f-4544-b7d6-9c8fa6fc1117,2e9a1172-000a-42f7-a9f9-ae43b3c38e2a,google,cpc,demo_agendada,2025-11-17T11:33:05.165775
36597e61-9498-4a9d-93b6-2c002f0ecaac,2e9a1172-000a-42f7-a9f9-ae43b3c38e2a,google,cpc,demo_agendada,2025-05-16T02:28:09.165854
a96336de-ba1c-4ac4-abb9-05f40d4e6ca9,2e9a1172-000a-42f7-a9f9-ae43b3c38e2a,google,cpc,demo_agendada,2025-10-16T07:12:11.545691
5ce6399b-556e-405e-a35f-bca4a6ed4b3e,2e9a1172-000a-42f7-a9f9-ae43b3c38e2a,google,cpc,demo_agendada,2026-01-07T00:13:53.630803
45c1800f-737b-41d0-9935-950c129fbacc,2e9a1172-000a-42f7-a9f9-ae43b3c38e2a,google,cpc,demo_agendada,2025-10-31T09:03:15.918167
0d7a76e1-fe68-4d17-8151-168fea7f14a4,2e9a1172-000a-42f7-a9f9-ae43b3c38e2a,google,cpc,demo_agendada,2025-11-01T09:28:10.689646
06af9514-3aec-4006-8428-d943338c7aa4,2e9a1172-000a-42f7-a9f9-ae43b3c38e2a,google,cpc,demo_agendada,2026-07-27T13:53:15.173935
011f0b97-2006-4fb2-9c9b-a5a319aa6735,2e9a1172-000a-42f7-a9f9-ae43b3c38e2a,google,cpc,demo_agendada,2026-03-24T14:57:03.231192
2b24e466-a2e2-4d71-9b16-f79d79cc2e15,2e9a1172-000a-42f7-a9f9-ae43b3c38e2a,google,cpc,demo_agendada,2025-09-03T11:44:01.427668
ca3a0051-66c9-48e4-a18f-3a558eb2db8d,2e9a1172-000a-42f7-a9f9-ae43b3c38e2a,google,cpc,demo_agendada,2025-05-10T14:53:04.051969
0ae248f5-c285-457e-bc97-34771a523c95,2e9a1172-000a-42f7-a9f9-ae43b3c38e2a,google,cpc,demo_agendada,2025-06-29T03:39:40.454039
b6f85dc9-88fa-4713-964e-08735b345db8,2e9a1172-000a-42f7-a9f9-ae43b3c38e2a,google,cpc,demo_agendada,2025-10-01T10:37:40.737191
f0f7c455-d8aa-48db-92dd-09bfa4da566a,2e9a1172-000a-42f7-a9f9-ae43b3c38e2a,google,cpc,demo_agendada,2025-11-18T03:37:58.190086
da7a8912-1f14-4a66-bc1b-8a347a4ad75b,2e9a1172-000a-42f7-a9f9-ae43b3c38e2a,google,cpc,demo_agendada,2025-10-07T20:59:19.405177
1a99f342-f182-4999-aa79-b12938625dcb,2e9a1172-000a-42f7-a9f9-ae43b3c38e2a,google,cpc,demo_agendada,2025-04-01T18:00:06.772863
f628173d-4476-4fdb-a7ee-ddb47dc5c902,2e9a1172-000a-42f7-a9f9-ae43b3c38e2a,google,cpc,demo_agendada,2025-11-22T08:32:59.632371
edb8fe27-7649-4e9c-bcd4-ed9a0737b3a5,2e9a1172-000a-42f7-a9f9-ae43b3c38e2a,google,cpc,demo_agendada,2025-12-26T17:46:51.477132
dc1a8e2a-0018-4790-bc2d-b43a64d0e3b4,2e9a1172-000a-42f7-a9f9-ae43b3c38e2a,google,cpc,demo_agendada,2025-05-02T10:03:44.896477
2be682c5-aaff-4620-b5e4-1807d1f27df5,2e9a1172-000a-42f7-a9f9-ae43b3c38e2a,google,cpc,demo_agendada,2026-07-27T23:15:27.984087
dfe2aebf-16de-46de-888d-2cb690893095,2e9a1172-000a-42f7-a9f9-ae43b3c38e2a,google,cpc,demo_agendada,2026-04-29T04:33:26.034189
5d901727-1709-4db9-b1fb-dbab09af9641,2e9a1172-000a-42f7-a9f9-ae43b3c38e2a,google,cpc,demo_agendada,2025-06-07T11:00:51.007175
4ab24027-bf03-44cf-9da0-2e3c9a3e28a0,2e9a1172-000a-42f7-a9f9-ae43b3c38e2a,google,cpc,demo_agendada,2026-03-19T11:43:06.996349
d0a170f4-316c-4a04-8602-4f80391c33d8,2e9a1172-000a-42f7-a9f9-ae43b3c38e2a,google,cpc,demo_agendada,2026-03-28T11:21:57.555100
c676aba7-8fde-4642-be3e-3b7305a9f5f1,2e9a1172-000a-42f7-a9f9-ae43b3c38e2a,google,cpc,demo_agendada,2025-07-14T19:34:58.454458
2bed3e0f-a728-4c00-a63f-bb38ca994b1b,2e9a1172-000a-42f7-a9f9-ae43b3c38e2a,google,cpc,demo_agendada,2026-03-31T09:21:29.704326
1e466e4c-f482-4716-9d06-09e6687861ee,2e9a1172-000a-42f7-a9f9-ae43b3c38e2a,google,cpc,demo_agendada,2026-03-05T16:08:31.393143
739ef997-ba57-41f6-a277-d2ce026a3dfa,2e9a1172-000a-42f7-a9f9-ae43b3c38e2a,google,cpc,demo_agendada,2026-01-24T01:54:28.405551
90348c07-36b6-4ac3-854b-287c484613d2,2e9a1172-000a-42f7-a9f9-ae43b3c38e2a,google,cpc,demo_agendada,2025-08-27T14:15:06.111647
14534b77-ce4b-4328-8282-d577cce46a9a,2e9a1172-000a-42f7-a9f9-ae43b3c38e2a,google,cpc,demo_agendada,2025-05-26T08:54:38.634266
d290a64e-9e3e-4990-912b-37a5594b90ab,2e9a1172-000a-42f7-a9f9-ae43b3c38e2a,google,cpc,demo_agendada,2026-03-08T19:49:01.367650
fb3c1762-b665-49dd-9ca7-5bcc333aa02e,2e9a1172-000a-42f7-a9f9-ae43b3c38e2a,google,cpc,demo_agendada,2025-09-16T05:50:25.914271
a8c882f4-465d-4786-b219-e23c4ca12f86,2e9a1172-000a-42f7-a9f9-ae43b3c38e2a,google,cpc,demo_agendada,2026-06-26T20:01:51.555334
e017f7b1-429a-4b39-adbb-520115520748,2e9a1172-000a-42f7-a9f9-ae43b3c38e2a,google,cpc,demo_agendada,2026-05-04T20:37:06.093379
2ce7e019-b5a2-4d78-9aec-1ac208ae9453,2e9a1172-000a-42f7-a9f9-ae43b3c38e2a,google,cpc,demo_agendada,2025-11-07T01:11:37.348830
564d3206-afbf-4562-99e3-c42bb620f2a6,2e9a1172-000a-42f7-a9f9-ae43b3c38e2a,google,cpc,demo_agendada,2025-05-21T07:33:49.444912
5b3011e4-b517-4faf-ab32-ea42ea038d56,2e9a1172-000a-42f7-a9f9-ae43b3c38e2a,google,cpc,demo_agendada,2026-08-02T06:17:40.802235
7a732c00-3ccc-4fe8-b330-18b88904a8fe,2e9a1172-000a-42f7-a9f9-ae43b3c38e2a,google,cpc,demo_agendada,2025-12-28T22:56:19.555357
c14c4aef-532b-4ca4-9fdc-254bcfe1c5c4,2e9a1172-000a-42f7-a9f9-ae43b3c38e2a,google,cpc,demo_agendada,2026-07-08T06:55:24.818776
01d2be12-4cb3-4213-9de1-4251f79e6c5e,2e9a1172-000a-42f7-a9f9-ae43b3c38e2a,google,cpc,demo_agendada,2025-04-25T03:38:19.459492
407932f1-77f8-43a1-a56b-6abb38e39b79,2e9a1172-000a-42f7-a9f9-ae43b3c38e2a,google,cpc,demo_agendada,2025-09-18T07:14:07.831226
79db429d-5f1b-4911-a975-a7769cfda903,2e9a1172-000a-42f7-a9f9-ae43b3c38e2a,google,cpc,demo_agendada,2026-08-04T15:15:32.851353
461ba5fa-01f2-4edd-b2e3-8b2e480ac42d,2e9a1172-000a-42f7-a9f9-ae43b3c38e2a,google,cpc,demo_agendada,2025-08-06T18:58:47.203831
4e0a3809-8205-415b-bee0-f7d952818ccc,2e9a1172-000a-42f7-a9f9-ae43b3c38e2a,google,cpc,demo_agendada,2025-06-17T06:27:46.478515
54c83d0f-dce5-4d15-8b62-b90279d22fb7,2e9a1172-000a-42f7-a9f9-ae43b3c38e2a,google,cpc,demo_agendada,2025-04-14T23:15:13.639067
758a0ad2-2b29-46c3-9106-39118b830a2f,2e9a1172-000a-42f7-a9f9-ae43b3c38e2a,google,cpc,demo_agendada,2026-05-31T09:30:16.275335
bf24fcca-1b17-4534-87dc-e89cb57d1ea5,2e9a1172-000a-42f7-a9f9-ae43b3c38e2a,google,cpc,demo_agendada,2026-01-13T09:38:58.119349
5b07c5d5-15b2-42cc-a30d-696a3f5cf2ad,2e9a1172-000a-42f7-a9f9-ae43b3c38e2a,google,cpc,demo_agendada,2025-05-18T04:45:05.260766
3e5a9bd4-c660-4589-99f1-00fc59c2f0b2,2e9a1172-000a-42f7-a9f9-ae43b3c38e2a,google,cpc,demo_agendada,2026-07-21T00:56:25.376390
44e3dec2-ff5b-4fbd-bba8-f1d803b91336,2e9a1172-000a-42f7-a9f9-ae43b3c38e2a,google,cpc,demo_agendada,2026-08-15T14:52:00.629613
14a260d4-cc35-4b56-9d8c-05f346c0e257,2e9a1172-000a-42f7-a9f9-ae43b3c38e2a,google,cpc,demo_agendada,2026-03-09T23:10:31.857733
a44a483d-033a-4d1c-b158-4a4a1d9dd6cf,2e9a1172-000a-42f7-a9f9-ae43b3c38e2a,google,cpc,demo_agendada,2025-08-20T01:30:23.972435
0d8f4c61-e3ef-4b05-b9d7-9a3dfe81e196,2e9a1172-000a-42f7-a9f9-ae43b3c38e2a,google,cpc,demo_agendada,2025-07-24T14:42:23.084498
309755dd-0345-41ce-9902-aec9966781b3,2e9a1172-000a-42f7-a9f9-ae43b3c38e2a,google,cpc,demo_agendada,2025-05-12T02:54:25.843221
aa37445d-f94d-40e7-b801-57c4e9d8a591,2e9a1172-000a-42f7-a9f9-ae43b3c38e2a,google,cpc,demo_agendada,2025-04-28T07:21:46.797480
8f94d3e0-76b3-47ed-a586-6825d2e48339,2e9a1172-000a-42f7-a9f9-ae43b3c38e2a,google,cpc,demo_agendada,2025-06-27T08:49:22.179252
b59a59cb-0e0b-4fc4-97fa-4f23c76f6c19,2e9a1172-000a-42f7-a9f9-ae43b3c38e2a,google,cpc,demo_agendada,2026-03-16T02:06:40.239637
83bae7ea-5675-4f21-a7f3-02f3ff92cabb,2e9a1172-000a-42f7-a9f9-ae43b3c38e2a,google,cpc,demo_agendada,2026-01-20T05:16:51.426263
3323a759-7573-447c-9d70-3bb1fc495a10,2e9a1172-000a-42f7-a9f9-ae43b3c38e2a,google,cpc,demo_agendada,2025-08-28T23:12:29.866181
f3782cf7-0b66-443a-9135-7012d748b51f,2e9a1172-000a-42f7-a9f9-ae43b3c38e2a,google,cpc,demo_agendada,2026-02-02T09:50:13.531072
8dc4e000-c647-410c-a56b-4893ac354f91,2e9a1172-000a-42f7-a9f9-ae43b3c38e2a,google,cpc,demo_agendada,2025-08-06T06:52:31.794859
976ae450-e99f-40fc-895f-ae781a9a6d17,2e9a1172-000a-42f7-a9f9-ae43b3c38e2a,google,cpc,demo_agendada,2026-01-10T03:36:14.870250
959e1c52-d8be-4de4-a7fc-d8faf96eb0d1,2e9a1172-000a-42f7-a9f9-ae43b3c38e2a,google,cpc,demo_agendada,2026-03-20T13:29:22.529546
6a82d414-1175-4a27-b9e4-9b087fe71a3c,2e9a1172-000a-42f7-a9f9-ae43b3c38e2a,google,cpc,demo_agendada,2026-05-26T03:35:21.204391
407c1fbb-438f-4b66-aaa4-828cb0316319,2e9a1172-000a-42f7-a9f9-ae43b3c38e2a,google,cpc,demo_agendada,2026-03-18T19:42:18.553011
2d59b189-264b-48e2-8fac-825813f50e5c,2e9a1172-000a-42f7-a9f9-ae43b3c38e2a,google,cpc,demo_agendada,2026-04-07T09:34:17.593717
a40e0adc-544b-4876-b61b-67f6771aca9b,2e9a1172-000a-42f7-a9f9-ae43b3c38e2a,google,cpc,demo_agendada,2025-06-08T11:03:24.916972
c231a4bd-acf6-415d-9c08-efe03c60b63c,2e9a1172-000a-42f7-a9f9-ae43b3c38e2a,google,cpc,demo_agendada,2025-05-01T19:27:40.697026
c45b1190-4367-4a66-80a1-4995ecfb36f0,2e9a1172-000a-42f7-a9f9-ae43b3c38e2a,google,cpc,demo_agendada,2025-08-15T13:06:38.605224
bb7bc78b-7dd2-4564-9105-3419f593fdf7,2e9a1172-000a-42f7-a9f9-ae43b3c38e2a,google,cpc,demo_agendada,2025-11-14T21:35:22.365928
57fa714c-a53b-4e86-ab35-e9e135f43fb5,2e9a1172-000a-42f7-a9f9-ae43b3c38e2a,google,cpc,demo_agendada,2025-11-04T02:57:35.206134
b6d3642a-9343-4e7e-a4b0-a91392cf8c06,2e9a1172-000a-42f7-a9f9-ae43b3c38e2a,google,cpc,demo_agendada,2026-02-12T14:56:19.845721
e313f711-a257-448f-bcfc-7540c9ff3255,2e9a1172-000a-42f7-a9f9-ae43b3c38e2a,google,cpc,demo_agendada,2026-03-16T22:34:40.864810
d92fad01-86e7-4927-a8f2-d9961f0b57dc,2e9a1172-000a-42f7-a9f9-ae43b3c38e2a,google,cpc,demo_agendada,2025-10-04T18:21:59.097403
d51e45e2-5eea-4dac-ab5a-1a94f87706ad,2e9a1172-000a-42f7-a9f9-ae43b3c38e2a,google,cpc,demo_agendada,2025-12-24T04:21:16.390252
f44af7a6-1603-4827-9f40-de9bc7352031,2e9a1172-000a-42f7-a9f9-ae43b3c38e2a,google,cpc,demo_agendada,2026-05-04T08:35:30.316767
ea7dd10d-0a69-436f-8e2d-9e9e0e9dc439,2e9a1172-000a-42f7-a9f9-ae43b3c38e2a,google,cpc,demo_agendada,2025-12-27T02:10:22.786072
63ac445f-75fe-487b-a80c-e2f9813074e6,2e9a1172-000a-42f7-a9f9-ae43b3c38e2a,google,cpc,demo_agendada,2025-08-29T09:12:24.308173
2488366d-0245-469a-97bd-41a53248a52c,2e9a1172-000a-42f7-a9f9-ae43b3c38e2a,google,cpc,demo_agendada,2025-04-08T11:20:15.679739
1d6fa379-03d7-4b6d-a017-970acbf5a8cf,2e9a1172-000a-42f7-a9f9-ae43b3c38e2a,google,cpc,demo_agendada,2026-07-20T02:13:07.166528
eb0581ec-97bf-4d8e-bc55-83c3574fb6e3,2e9a1172-000a-42f7-a9f9-ae43b3c38e2a,google,cpc,demo_agendada,2025-07-27T17:01:38.315425
1eef9474-d61c-4576-9867-ec0e9b73bf51,2e9a1172-000a-42f7-a9f9-ae43b3c38e2a,google,cpc,demo_agendada,2026-06-11T16:04:50.761310
212a5d1a-bb3c-410c-bf81-8de6efb6ee7a,2e9a1172-000a-42f7-a9f9-ae43b3c38e2a,google,cpc,demo_agendada,2025-10-07T18:18:20.791007
9d51c5ac-bc53-476a-8c88-2dbd9800abbd,0cb5771b-e11d-4e11-a28d-9fb56cb49cd1,google,cpc,conteudo_educativo,2025-07-17T08:06:39.212591
fe83720b-db15-45fb-9c83-de1a6b2937a3,0cb5771b-e11d-4e11-a28d-9fb56cb49cd1,google,cpc,conteudo_educativo,2025-05-20T03:14:15.322304
f0997e35-6a43-4cb9-a2bf-7ca374e55645,0cb5771b-e11d-4e11-a28d-9fb56cb49cd1,google,cpc,conteudo_educativo,2025-12-19T00:04:47.310362
8fc4e33e-7d9a-4629-9658-9434550f0ba6,0cb5771b-e11d-4e11-a28d-9fb56cb49cd1,google,cpc,conteudo_educativo,2026-01-31T10:28:56.513994
7d63cc08-b332-4754-96bd-0dd2b8ab818a,0cb5771b-e11d-4e11-a28d-9fb56cb49cd1,google,cpc,conteudo_educativo,2026-03-24T20:47:22.155554
6474a259-001a-46f8-8883-76215c9006b5,0cb5771b-e11d-4e11-a28d-9fb56cb49cd1,google,cpc,conteudo_educativo,2025-10-15T21:37:01.796977
e2078ffd-52c5-43a8-bb19-b730883de27a,0cb5771b-e11d-4e11-a28d-9fb56cb49cd1,google,cpc,conteudo_educativo,2026-02-24T11:55:27.082955
258172c0-62fc-42f8-b65f-12cb86efcc82,0cb5771b-e11d-4e11-a28d-9fb56cb49cd1,google,cpc,conteudo_educativo,2025-08-13T02:47:33.941980
07d71828-1d34-4673-a76a-573a35578c61,0cb5771b-e11d-4e11-a28d-9fb56cb49cd1,google,cpc,conteudo_educativo,2026-03-24T19:39:40.893692
275f49a9-4c35-4ac6-8c53-9061ef685360,0cb5771b-e11d-4e11-a28d-9fb56cb49cd1,google,cpc,conteudo_educativo,2025-04-08T22:45:03.668314
20854d3b-ff9a-4f74-83d3-6dee8e8e110f,0cb5771b-e11d-4e11-a28d-9fb56cb49cd1,google,cpc,conteudo_educativo,2025-06-02T02:50:28.746208
ae092aa8-25a1-4c59-911b-8b7f9b304ca1,0cb5771b-e11d-4e11-a28d-9fb56cb49cd1,google,cpc,conteudo_educativo,2025-04-26T23:19:05.191560
42e7fc80-cb93-4f91-b98d-67a9b839aaeb,0cb5771b-e11d-4e11-a28d-9fb56cb49cd1,google,cpc,conteudo_educativo,2025-06-30T11:26:02.398717
aaebe8cc-198d-43a6-a8d4-9ede843a0542,0cb5771b-e11d-4e11-a28d-9fb56cb49cd1,google,cpc,conteudo_educativo,2025-05-19T16:53:03.395115
ca9d3d2a-5d2b-401f-8fbf-d914defb5a5f,0cb5771b-e11d-4e11-a28d-9fb56cb49cd1,google,cpc,conteudo_educativo,2025-07-27T07:17:11.784585
8866636a-dd1e-4576-9100-e5bfc5eb91aa,0cb5771b-e11d-4e11-a28d-9fb56cb49cd1,google,cpc,conteudo_educativo,2026-04-08T06:45:18.196919
8f2fed81-c6f1-4c0b-82d1-aceb064c3e23,0cb5771b-e11d-4e11-a28d-9fb56cb49cd1,google,cpc,conteudo_educativo,2026-04-12T00:16:48.539750
5eaa5211-4760-4355-a4e1-0cc1e956cf79,0cb5771b-e11d-4e11-a28d-9fb56cb49cd1,google,cpc,conteudo_educativo,2026-02-13T23:44:55.610492
8a194fb6-aa8d-43db-a5d4-45eeaf07190b,0cb5771b-e11d-4e11-a28d-9fb56cb49cd1,google,cpc,conteudo_educativo,2026-05-28T12:36:55.703057
bb2959f1-a1eb-48b4-ab64-65b84f940313,0cb5771b-e11d-4e11-a28d-9fb56cb49cd1,google,cpc,conteudo_educativo,2025-07-11T09:18:46.732751
4bb2e5ec-f212-469e-a19c-2142d7bc2aaf,0cb5771b-e11d-4e11-a28d-9fb56cb49cd1,google,cpc,conteudo_educativo,2025-04-07T22:37:28.663654
7b1cc652-202f-4d23-9022-094713be3d5a,0cb5771b-e11d-4e11-a28d-9fb56cb49cd1,google,cpc,conteudo_educativo,2026-02-08T03:26:35.359016
fc6d589a-8f76-4bd0-8267-0d050cb6d551,0cb5771b-e11d-4e11-a28d-9fb56cb49cd1,google,cpc,conteudo_educativo,2025-04-08T11:24:07.866374
836818a6-3a2e-43fc-aba4-99f8eacc740a,0cb5771b-e11d-4e11-a28d-9fb56cb49cd1,google,cpc,conteudo_educativo,2025-07-19T08:04:36.469404
c5ba9551-e504-4afa-a2d6-5a17211e36f8,0cb5771b-e11d-4e11-a28d-9fb56cb49cd1,google,cpc,conteudo_educativo,2025-06-14T04:58:56.368556
1356460a-7692-4813-bbcb-d476a7349f96,0cb5771b-e11d-4e11-a28d-9fb56cb49cd1,google,cpc,conteudo_educativo,2025-05-30T15:58:58.574948
ace32f77-2b1d-40e5-aa45-b6f275778b82,0cb5771b-e11d-4e11-a28d-9fb56cb49cd1,google,cpc,conteudo_educativo,2026-08-08T14:37:33.062876
ebf31964-10d9-49b0-9bf5-f1bb85788012,0cb5771b-e11d-4e11-a28d-9fb56cb49cd1,google,cpc,conteudo_educativo,2025-05-11T02:24:17.404960
610c05da-de75-46f4-a693-82d14c615562,0cb5771b-e11d-4e11-a28d-9fb56cb49cd1,google,cpc,conteudo_educativo,2026-08-15T08:03:53.394713
f9df442d-f8ee-4055-aa84-70194e27a84e,0cb5771b-e11d-4e11-a28d-9fb56cb49cd1,google,cpc,conteudo_educativo,2025-04-19T22:20:27.791957
0602a8e2-ff2d-4bba-9a7d-e88ee422ac8b,0cb5771b-e11d-4e11-a28d-9fb56cb49cd1,google,cpc,conteudo_educativo,2025-07-11T13:30:15.058378
f4797b0c-5642-4385-86de-2e1f9122cd4a,0cb5771b-e11d-4e11-a28d-9fb56cb49cd1,google,cpc,conteudo_educativo,2025-04-11T16:20:33.994042
e32475c2-052c-402d-9419-93ef4d77d96a,0cb5771b-e11d-4e11-a28d-9fb56cb49cd1,google,cpc,conteudo_educativo,2026-05-02T09:37:07.259802
8cddd8b0-3f62-45ef-9f95-b78b646e2132,0cb5771b-e11d-4e11-a28d-9fb56cb49cd1,google,cpc,conteudo_educativo,2025-04-11T03:57:49.025918
41746222-04a4-44bf-b60f-b34b448f8eaa,0cb5771b-e11d-4e11-a28d-9fb56cb49cd1,google,cpc,conteudo_educativo,2025-10-19T21:38:16.459924
4addee4f-9d94-4a59-923f-53bf9816dada,0cb5771b-e11d-4e11-a28d-9fb56cb49cd1,google,cpc,conteudo_educativo,2025-08-10T06:19:16.958001
0367633b-51dd-486b-b63b-2b29c7cf302d,0cb5771b-e11d-4e11-a28d-9fb56cb49cd1,google,cpc,conteudo_educativo,2026-07-03T22:56:55.940607
ad9492a2-d417-474f-8527-1698c6b8bb96,0cb5771b-e11d-4e11-a28d-9fb56cb49cd1,google,cpc,conteudo_educativo,2025-09-17T07:12:01.360252
eb9a5205-df3f-430a-81de-c8d741686670,0cb5771b-e11d-4e11-a28d-9fb56cb49cd1,google,cpc,conteudo_educativo,2026-08-21T22:22:54.812459
415fb27d-165d-4eee-8d37-cffe254c7a19,0cb5771b-e11d-4e11-a28d-9fb56cb49cd1,google,cpc,conteudo_educativo,2025-09-27T17:50:37.358865
4320b6fc-707b-4052-9aaf-b7984ec27409,0cb5771b-e11d-4e11-a28d-9fb56cb49cd1,google,cpc,conteudo_educativo,2026-07-21T17:13:44.282876
ca8969ee-ddec-4f70-ae1c-663d98f913e6,0cb5771b-e11d-4e11-a28d-9fb56cb49cd1,google,cpc,conteudo_educativo,2026-03-23T10:11:08.307940
5444b4de-c5ae-432a-b32a-fb3587c90d31,0cb5771b-e11d-4e11-a28d-9fb56cb49cd1,google,cpc,conteudo_educativo,2025-03-28T10:46:23.408345
f7fb8b89-e845-4bd7-89b9-e03ec3a3f6c9,0cb5771b-e11d-4e11-a28d-9fb56cb49cd1,google,cpc,conteudo_educativo,2026-05-09T13:16:59.546054
5bbb922b-0bf3-4d36-90fe-ba4aa9875659,0cb5771b-e11d-4e11-a28d-9fb56cb49cd1,google,cpc,conteudo_educativo,2026-06-16T01:15:51.399338
15f874a4-cc48-4c70-bec5-e9079addfdc2,0cb5771b-e11d-4e11-a28d-9fb56cb49cd1,google,cpc,conteudo_educativo,2025-08-23T11:56:49.019838
1d0c46c7-6b84-4ebd-b75f-60bffe74bd52,0cb5771b-e11d-4e11-a28d-9fb56cb49cd1,google,cpc,conteudo_educativo,2025-09-12T14:10:42.208542
c87cbc94-a6e2-4a28-9cee-7fbb7b73352a,0cb5771b-e11d-4e11-a28d-9fb56cb49cd1,google,cpc,conteudo_educativo,2026-06-14T01:12:08.045305
c329626b-e5dd-4d30-bba8-d3581a6c29fc,0cb5771b-e11d-4e11-a28d-9fb56cb49cd1,google,cpc,conteudo_educativo,2025-06-19T11:53:18.703504
4ab8514e-39db-4569-89cd-92bf4b33dff1,0cb5771b-e11d-4e11-a28d-9fb56cb49cd1,google,cpc,conteudo_educativo,2025-11-24T00:28:02.849709
f082fb8e-fb84-40e8-96f1-c13e1ff6bce8,0cb5771b-e11d-4e11-a28d-9fb56cb49cd1,google,cpc,conteudo_educativo,2025-05-18T05:47:15.815261
819f4b36-3a5a-4724-934f-bbe90848d1f6,0cb5771b-e11d-4e11-a28d-9fb56cb49cd1,google,cpc,conteudo_educativo,2025-07-17T05:39:04.546579
63764b6a-5e30-4fc7-986e-26651b645762,0cb5771b-e11d-4e11-a28d-9fb56cb49cd1,google,cpc,conteudo_educativo,2025-09-16T18:39:33.177517
0307de8c-2025-44d6-a868-7322e18d311c,0cb5771b-e11d-4e11-a28d-9fb56cb49cd1,google,cpc,conteudo_educativo,2026-01-15T16:44:13.921412
f41b3534-d2ba-4cf2-897c-a9c271cf4390,0cb5771b-e11d-4e11-a28d-9fb56cb49cd1,google,cpc,conteudo_educativo,2025-11-03T22:32:58.689931
42f7dee5-5045-4c7d-a6b4-c1a15f27a922,0cb5771b-e11d-4e11-a28d-9fb56cb49cd1,google,cpc,conteudo_educativo,2025-06-06T04:47:54.989875
acd9cefd-1287-400c-995e-706df0970f2a,0cb5771b-e11d-4e11-a28d-9fb56cb49cd1,google,cpc,conteudo_educativo,2025-09-30T05:25:03.239586
a99ef9cf-588b-4b5c-bc4a-28e2b121d150,0cb5771b-e11d-4e11-a28d-9fb56cb49cd1,google,cpc,conteudo_educativo,2025-08-04T04:38:33.011934
fc56b5f9-a1bb-4a6e-a2e4-31a1f580264c,0cb5771b-e11d-4e11-a28d-9fb56cb49cd1,google,cpc,conteudo_educativo,2025-09-14T12:46:50.275054
7b1343ba-d8b2-4666-b152-a7e8bfcdd352,0cb5771b-e11d-4e11-a28d-9fb56cb49cd1,google,cpc,conteudo_educativo,2026-04-09T08:30:05.390168
7845a767-f875-4370-9110-dbc82e203ef5,0cb5771b-e11d-4e11-a28d-9fb56cb49cd1,google,cpc,conteudo_educativo,2026-02-18T09:37:38.608074
09ba1126-ed36-42dc-80bc-b52af07f1628,0cb5771b-e11d-4e11-a28d-9fb56cb49cd1,google,cpc,conteudo_educativo,2026-05-09T15:37:19.625483
bb7f3b23-eff5-4194-aee9-d4120b81a366,0cb5771b-e11d-4e11-a28d-9fb56cb49cd1,google,cpc,conteudo_educativo,2026-05-31T15:41:27.533281
fd88eaa8-9ef8-4410-bf93-5ce654f048fe,0cb5771b-e11d-4e11-a28d-9fb56cb49cd1,google,cpc,conteudo_educativo,2025-12-20T03:40:45.122685
c00b4a4a-e979-4842-acc6-a075eeb154e3,0cb5771b-e11d-4e11-a28d-9fb56cb49cd1,google,cpc,conteudo_educativo,2026-06-06T17:19:59.359922
ad0f21b5-484c-44a1-b757-52dbb922695c,0cb5771b-e11d-4e11-a28d-9fb56cb49cd1,google,cpc,conteudo_educativo,2025-03-25T05:58:05.086444
3db4df9c-0bf7-440c-bfac-1e4878e5a949,0cb5771b-e11d-4e11-a28d-9fb56cb49cd1,google,cpc,conteudo_educativo,2025-12-02T15:19:49.370616
276ad999-9612-4d8f-8254-fb18a2e5a1b8,0cb5771b-e11d-4e11-a28d-9fb56cb49cd1,google,cpc,conteudo_educativo,2025-09-22T06:40:19.082845
45af1d78-e9d6-4547-b778-444aff867679,0cb5771b-e11d-4e11-a28d-9fb56cb49cd1,google,cpc,conteudo_educativo,2026-04-25T07:39:21.571162
a85b7926-1b5c-4b53-9c27-f96888e8e699,0cb5771b-e11d-4e11-a28d-9fb56cb49cd1,google,cpc,conteudo_educativo,2025-08-19T00:02:08.830921
02cfff8d-cbf1-4ef1-9565-e6bf683f5032,0cb5771b-e11d-4e11-a28d-9fb56cb49cd1,google,cpc,conteudo_educativo,2026-07-18T11:35:06.182690
5d84dfc5-a51d-459b-9d25-11d71dbbdcd6,0cb5771b-e11d-4e11-a28d-9fb56cb49cd1,google,cpc,conteudo_educativo,2025-12-10T15:25:19.712754
1369740c-bd0a-4fc3-bc84-a4564c61016f,0cb5771b-e11d-4e11-a28d-9fb56cb49cd1,google,cpc,conteudo_educativo,2026-06-16T06:18:15.605596
53a7a8e9-7c64-46cb-a58d-6e6296267156,0cb5771b-e11d-4e11-a28d-9fb56cb49cd1,google,cpc,conteudo_educativo,2025-04-14T10:35:56.799357
9e4b793b-a0ac-49cc-8dc6-de9f260ed205,0cb5771b-e11d-4e11-a28d-9fb56cb49cd1,google,cpc,conteudo_educativo,2025-12-03T18:29:28.645414
ff04a266-f6d2-4a1a-930f-ef8b23decc5e,0cb5771b-e11d-4e11-a28d-9fb56cb49cd1,google,cpc,conteudo_educativo,2026-02-22T10:34:18.063473
20b22ce6-3a5c-47d6-a076-3d513b535d66,0cb5771b-e11d-4e11-a28d-9fb56cb49cd1,google,cpc,conteudo_educativo,2025-08-30T03:33:00.477523
711ce6e1-36fa-4c0c-9850-c7ca3f800789,0cb5771b-e11d-4e11-a28d-9fb56cb49cd1,google,cpc,conteudo_educativo,2025-12-31T08:10:49.713129
564268d6-ced2-4817-8ba0-63478c973e5a,0cb5771b-e11d-4e11-a28d-9fb56cb49cd1,google,cpc,conteudo_educativo,2025-08-09T21:05:52.141856
d04cffb4-37d3-47da-9cca-fadae99daeb1,0cb5771b-e11d-4e11-a28d-9fb56cb49cd1,google,cpc,conteudo_educativo,2025-10-25T02:22:09.467674
497ebe61-ac3c-4efe-bd2e-7a8089a3f049,0cb5771b-e11d-4e11-a28d-9fb56cb49cd1,google,cpc,conteudo_educativo,2026-02-23T23:49:29.520374
cd99fd79-1a95-4d2e-8cf4-c9bc43c0c0e1,0cb5771b-e11d-4e11-a28d-9fb56cb49cd1,google,cpc,conteudo_educativo,2025-12-14T05:47:29.179153
d63e6a83-133c-4489-a308-ca48c90ab98b,0cb5771b-e11d-4e11-a28d-9fb56cb49cd1,google,cpc,conteudo_educativo,2025-09-11T12:54:21.227106
72fcac7a-b9db-4c92-95ea-b33c105bada3,0cb5771b-e11d-4e11-a28d-9fb56cb49cd1,google,cpc,conteudo_educativo,2025-04-27T06:07:04.602312
2e42460e-c85f-4f85-b5e0-c391d09dd02e,0cb5771b-e11d-4e11-a28d-9fb56cb49cd1,google,cpc,conteudo_educativo,2025-04-25T15:41:58.111873
aa776cf5-10fa-4214-80da-b47cad522f2e,0cb5771b-e11d-4e11-a28d-9fb56cb49cd1,google,cpc,conteudo_educativo,2025-08-22T11:04:19.795356
d0c56975-b0dd-419b-a8d6-a99f89d348df,0cb5771b-e11d-4e11-a28d-9fb56cb49cd1,google,cpc,conteudo_educativo,2025-09-17T18:49:30.736886
cc7e899f-f485-4f9c-b8fa-870dd1edf009,0cb5771b-e11d-4e11-a28d-9fb56cb49cd1,google,cpc,conteudo_educativo,2026-03-02T00:41:11.419935
f3e86ad0-e255-40e8-af2d-df52a0a01851,0cb5771b-e11d-4e11-a28d-9fb56cb49cd1,google,cpc,conteudo_educativo,2026-02-17T21:16:29.775930
b36dfa80-739d-4c6b-829e-26778638b592,0cb5771b-e11d-4e11-a28d-9fb56cb49cd1,google,cpc,conteudo_educativo,2026-07-06T20:54:12.614038
fa316606-14de-412e-b165-1817a5c9109b,0cb5771b-e11d-4e11-a28d-9fb56cb49cd1,google,cpc,conteudo_educativo,2025-04-18T05:26:52.998243
56205d1d-d360-43c7-b0fc-87f41e208764,0cb5771b-e11d-4e11-a28d-9fb56cb49cd1,google,cpc,conteudo_educativo,2025-05-03T17:01:48.339367
cac9ef48-cff2-4426-bba3-96de1c9035d5,0cb5771b-e11d-4e11-a28d-9fb56cb49cd1,google,cpc,conteudo_educativo,2026-08-07T16:27:19.865216
5a9b0722-a954-4485-95b1-4ab334b3e4aa,0cb5771b-e11d-4e11-a28d-9fb56cb49cd1,google,cpc,conteudo_educativo,2025-12-12T05:52:21.870513
a6cfd410-29ec-4a9a-a2a9-bb7d1ff3467f,0cb5771b-e11d-4e11-a28d-9fb56cb49cd1,google,cpc,conteudo_educativo,2025-08-20T15:43:59.147587
0f76a510-2b21-4bea-b26b-e39fdf92e7d0,0cb5771b-e11d-4e11-a28d-9fb56cb49cd1,google,cpc,conteudo_educativo,2025-10-28T20:25:09.473836
21641ee1-78d1-41ca-a216-086873686f66,0cb5771b-e11d-4e11-a28d-9fb56cb49cd1,google,cpc,conteudo_educativo,2025-06-01T10:32:52.835813
1ae0c05a-5582-44e4-ab04-098408b1b256,0cb5771b-e11d-4e11-a28d-9fb56cb49cd1,google,cpc,conteudo_educativo,2025-08-09T02:59:11.660041
8c63ba09-113c-41c6-8001-f605842f837b,0cb5771b-e11d-4e11-a28d-9fb56cb49cd1,google,cpc,conteudo_educativo,2026-07-02T07:43:12.912051
085f9295-8a73-4c74-a6af-be5a6daf3b9b,0cb5771b-e11d-4e11-a28d-9fb56cb49cd1,google,cpc,conteudo_educativo,2026-07-21T17:34:55.304516
115b1e8e-bd11-445a-a15e-fc15833c31ff,0cb5771b-e11d-4e11-a28d-9fb56cb49cd1,google,cpc,conteudo_educativo,2025-04-08T06:59:06.668284
1e221d72-f164-47eb-a4f2-afb9435f8e38,0cb5771b-e11d-4e11-a28d-9fb56cb49cd1,google,cpc,conteudo_educativo,2026-02-16T00:59:32.993785
6a4bf4af-bc1e-4b72-b718-f247aff41b1f,0cb5771b-e11d-4e11-a28d-9fb56cb49cd1,google,cpc,conteudo_educativo,2026-02-22T20:16:12.597719
22f5d97e-a877-4ab2-b849-98295659c921,0cb5771b-e11d-4e11-a28d-9fb56cb49cd1,google,cpc,conteudo_educativo,2026-08-15T13:59:37.048802
9d57eeb1-41b2-4240-b792-86cae5a07e1d,0cb5771b-e11d-4e11-a28d-9fb56cb49cd1,google,cpc,conteudo_educativo,2026-04-06T05:33:58.605032
11269a73-6a38-4fd7-9395-51e25a6907ce,0cb5771b-e11d-4e11-a28d-9fb56cb49cd1,google,cpc,conteudo_educativo,2026-05-19T04:58:28.461409
cf2d22c9-5970-4c04-ab2a-584f9af46a51,0cb5771b-e11d-4e11-a28d-9fb56cb49cd1,google,cpc,conteudo_educativo,2025-07-30T17:40:11.232827
8345a326-45e2-4a94-9a44-2e5ef4001cf2,0cb5771b-e11d-4e11-a28d-9fb56cb49cd1,google,cpc,conteudo_educativo,2025-10-01T04:00:31.385851
ba4e9b4e-6d1d-4e3b-af8c-64dd7e16f706,0cb5771b-e11d-4e11-a28d-9fb56cb49cd1,google,cpc,conteudo_educativo,2026-02-04T03:05:34.273449
da6bbfb8-ce96-457d-a7dc-6df15f88696c,0cb5771b-e11d-4e11-a28d-9fb56cb49cd1,google,cpc,conteudo_educativo,2026-07-27T01:31:26.213794
bd2b6742-7417-4535-8c63-e57cff75546e,0cb5771b-e11d-4e11-a28d-9fb56cb49cd1,google,cpc,conteudo_educativo,2025-07-09T15:41:03.818198
cbc2962f-7bd1-424b-a9c9-84b56caca090,0cb5771b-e11d-4e11-a28d-9fb56cb49cd1,google,cpc,conteudo_educativo,2025-09-18T07:41:29.940788
4f67c979-119d-48e9-b2ad-a0fa7cf02b62,0cb5771b-e11d-4e11-a28d-9fb56cb49cd1,google,cpc,conteudo_educativo,2026-06-20T17:37:21.397549
5443dfec-6b95-4a31-8e1f-836d7e61ad73,0cb5771b-e11d-4e11-a28d-9fb56cb49cd1,google,cpc,conteudo_educativo,2025-10-07T19:45:05.983977
440aee61-afed-4a15-ac93-cc205f48e6ad,0cb5771b-e11d-4e11-a28d-9fb56cb49cd1,google,cpc,conteudo_educativo,2025-08-09T23:52:12.535704
a883432e-8bfe-4969-b8b0-fef2436ff381,0cb5771b-e11d-4e11-a28d-9fb56cb49cd1,google,cpc,conteudo_educativo,2026-01-02T20:48:37.801363
76b1b6ba-2ec8-4cad-b943-0cd137a32db7,0cb5771b-e11d-4e11-a28d-9fb56cb49cd1,google,cpc,conteudo_educativo,2025-07-23T00:08:35.321518
61503fec-8460-4e1b-b859-4a12aa553272,0cb5771b-e11d-4e11-a28d-9fb56cb49cd1,google,cpc,conteudo_educativo,2026-07-10T11:22:55.818184
62f4a0d7-f550-45e4-8832-af85e4dca63c,0cb5771b-e11d-4e11-a28d-9fb56cb49cd1,google,cpc,conteudo_educativo,2026-07-22T03:42:14.919418
80967913-2ed9-43b0-ab65-0b609691aee4,0cb5771b-e11d-4e11-a28d-9fb56cb49cd1,google,cpc,conteudo_educativo,2026-01-13T11:22:51.350559
4e72feea-ab5c-4704-adfd-952a30228d43,0cb5771b-e11d-4e11-a28d-9fb56cb49cd1,google,cpc,conteudo_educativo,2025-05-13T05:17:23.982985
cbd4c0e2-b2d9-4a25-84dd-ec3cbab58942,0cb5771b-e11d-4e11-a28d-9fb56cb49cd1,google,cpc,conteudo_educativo,2026-02-05T10:08:42.506908
5070d04f-fb9c-436d-bd56-ab434dbe494a,0cb5771b-e11d-4e11-a28d-9fb56cb49cd1,google,cpc,conteudo_educativo,2026-02-24T22:41:12.397448
99dd69c0-8cc7-4569-9d0a-8ae8d565cc7a,0cb5771b-e11d-4e11-a28d-9fb56cb49cd1,google,cpc,conteudo_educativo,2025-04-08T18:00:28.998416
32af04a5-06d7-4059-aa1c-3a82ee213a39,0cb5771b-e11d-4e11-a28d-9fb56cb49cd1,google,cpc,conteudo_educativo,2025-09-24T09:54:34.827577
9f4f0b52-0d04-4ec2-9c04-2fd7c7dd19c0,0cb5771b-e11d-4e11-a28d-9fb56cb49cd1,google,cpc,conteudo_educativo,2025-10-04T17:03:24.797522
3cdea0d0-0238-4c24-be14-1add441b96d5,0cb5771b-e11d-4e11-a28d-9fb56cb49cd1,google,cpc,conteudo_educativo,2026-02-12T13:41:43.191599
d3bd1d9a-5c0f-46e9-8bf5-460e915a8c6b,0cb5771b-e11d-4e11-a28d-9fb56cb49cd1,google,cpc,conteudo_educativo,2025-03-25T23:49:15.191054
32db4dcb-0966-4202-9139-6cfc551a1a3d,0cb5771b-e11d-4e11-a28d-9fb56cb49cd1,google,cpc,conteudo_educativo,2025-08-19T22:08:38.572728
17074569-3967-4cae-8336-3276834397cf,0cb5771b-e11d-4e11-a28d-9fb56cb49cd1,google,cpc,conteudo_educativo,2025-05-27T10:36:06.469185
1a2bb2dd-d334-44b9-bfa2-5bacb84c5fc5,0cb5771b-e11d-4e11-a28d-9fb56cb49cd1,google,cpc,conteudo_educativo,2026-01-06T04:34:34.853401
13fd3895-35e6-4289-8d0a-40f5cc9922b4,0cb5771b-e11d-4e11-a28d-9fb56cb49cd1,google,cpc,conteudo_educativo,2026-06-29T05:15:37.524678
73876b4d-d415-42c8-8cf0-5f551ff5fb0c,0cb5771b-e11d-4e11-a28d-9fb56cb49cd1,google,cpc,conteudo_educativo,2025-07-01T10:04:40.212814
e69ebbff-0d76-4e36-8918-023642201745,0cb5771b-e11d-4e11-a28d-9fb56cb49cd1,google,cpc,conteudo_educativo,2026-03-09T16:51:53.104001
48afe3e7-f9a8-4c12-b4ef-ba09932d5686,0cb5771b-e11d-4e11-a28d-9fb56cb49cd1,google,cpc,conteudo_educativo,2026-02-26T03:03:12.540957
254cc7d7-b0d4-4a5b-8935-92de359fc2ee,0cb5771b-e11d-4e11-a28d-9fb56cb49cd1,google,cpc,conteudo_educativo,2025-07-04T04:36:41.906389
074b98ce-03ec-4c52-a45c-d877abbd1077,0cb5771b-e11d-4e11-a28d-9fb56cb49cd1,google,cpc,conteudo_educativo,2025-12-14T22:18:09.091074
b195ffa1-c5b3-4475-84a2-6a46c3f46520,0cb5771b-e11d-4e11-a28d-9fb56cb49cd1,google,cpc,conteudo_educativo,2026-01-14T06:17:40.517559
ae2be941-919f-4788-904d-207bbdd78e98,0cb5771b-e11d-4e11-a28d-9fb56cb49cd1,google,cpc,conteudo_educativo,2025-05-18T02:16:29.584833
a8dc818f-a544-4d33-bd4f-a4b10db9db44,0cb5771b-e11d-4e11-a28d-9fb56cb49cd1,google,cpc,conteudo_educativo,2026-07-23T03:58:19.851060
667aa962-fcd8-4a12-a78b-6deb092cc74a,0cb5771b-e11d-4e11-a28d-9fb56cb49cd1,google,cpc,conteudo_educativo,2026-05-04T04:35:16.450698
e1ef02ae-de3a-442c-a3a0-f917b985ade9,0cb5771b-e11d-4e11-a28d-9fb56cb49cd1,google,cpc,conteudo_educativo,2026-05-28T17:51:37.212621
c2e1dc5f-851b-4bc4-af73-d0eb32a18b91,0cb5771b-e11d-4e11-a28d-9fb56cb49cd1,google,cpc,conteudo_educativo,2026-07-02T18:05:12.972365
f0635d51-ddd6-48d8-b2cf-9cdfa659abe7,0cb5771b-e11d-4e11-a28d-9fb56cb49cd1,google,cpc,conteudo_educativo,2025-04-11T05:19:15.960518
40a32af3-15d1-4db3-9789-9bb51429648e,0cb5771b-e11d-4e11-a28d-9fb56cb49cd1,google,cpc,conteudo_educativo,2025-10-10T14:13:10.179795
9def7230-987f-4785-8afb-6d3e42a8bad0,0cb5771b-e11d-4e11-a28d-9fb56cb49cd1,google,cpc,conteudo_educativo,2025-08-25T00:09:33.612922
6075deb6-cdcc-437d-a62f-31c0d3127820,0cb5771b-e11d-4e11-a28d-9fb56cb49cd1,google,cpc,conteudo_educativo,2025-12-29T09:02:47.559796
c210ebd2-b602-421f-9b45-ce309d3f900a,0cb5771b-e11d-4e11-a28d-9fb56cb49cd1,google,cpc,conteudo_educativo,2026-07-12T14:06:02.431747
ee50179a-1aa0-4fae-9371-cb6d1cba39e7,0cb5771b-e11d-4e11-a28d-9fb56cb49cd1,google,cpc,conteudo_educativo,2025-09-30T16:48:42.009665
b667aece-af9c-4580-b4c7-5bd5adffb80c,0cb5771b-e11d-4e11-a28d-9fb56cb49cd1,google,cpc,conteudo_educativo,2026-05-05T05:49:23.654071
503aebea-fb95-414c-9317-8aa4b3fb6678,0cb5771b-e11d-4e11-a28d-9fb56cb49cd1,google,cpc,conteudo_educativo,2025-10-22T15:00:07.923693
b7bb0932-ff38-4886-9dd3-c38b1d6b3bed,0cb5771b-e11d-4e11-a28d-9fb56cb49cd1,google,cpc,conteudo_educativo,2026-03-13T01:43:14.629482
1d8a20e2-6c52-4c01-81ca-0b32c1626568,0cb5771b-e11d-4e11-a28d-9fb56cb49cd1,google,cpc,conteudo_educativo,2025-08-14T10:27:34.515553
7f3da70f-e3d6-437e-afea-e499f0f63497,0cb5771b-e11d-4e11-a28d-9fb56cb49cd1,google,cpc,conteudo_educativo,2025-09-09T00:30:40.208927
ae31cfdf-73b6-4fa3-a57b-c9436ffd5ed5,0cb5771b-e11d-4e11-a28d-9fb56cb49cd1,google,cpc,conteudo_educativo,2025-07-02T15:09:55.077321
e1ed3416-c0c4-4d5b-bbaf-7eeee14ce66c,0cb5771b-e11d-4e11-a28d-9fb56cb49cd1,google,cpc,conteudo_educativo,2026-02-25T07:17:54.776567
4e8250b0-5b26-45ad-85b8-247eb17b461a,0cb5771b-e11d-4e11-a28d-9fb56cb49cd1,google,cpc,conteudo_educativo,2026-02-07T08:51:54.385889
3b7547a5-c356-4234-a1aa-155853c8541b,0cb5771b-e11d-4e11-a28d-9fb56cb49cd1,google,cpc,conteudo_educativo,2026-06-06T19:06:54.601582
d9632d8b-ade6-49e2-b969-b0393c16c038,0cb5771b-e11d-4e11-a28d-9fb56cb49cd1,google,cpc,conteudo_educativo,2025-10-05T04:38:10.549113
732dd7c6-b0d7-45b0-8a36-ff2037534f7d,0cb5771b-e11d-4e11-a28d-9fb56cb49cd1,google,cpc,conteudo_educativo,2025-10-01T13:57:30.295155
af4845ee-8338-4e4d-83fa-1fea879bb672,0cb5771b-e11d-4e11-a28d-9fb56cb49cd1,google,cpc,conteudo_educativo,2025-09-20T12:47:15.015102
e3cb2345-2326-4770-9e26-68f93264ae6c,0cb5771b-e11d-4e11-a28d-9fb56cb49cd1,google,cpc,conteudo_educativo,2025-05-16T18:56:03.779175
0b06a8ff-9e65-4705-8671-0f32cd5a5711,0cb5771b-e11d-4e11-a28d-9fb56cb49cd1,google,cpc,conteudo_educativo,2026-05-10T03:12:04.446875
875e2fd1-90a6-438e-88e5-f20c75078e47,0cb5771b-e11d-4e11-a28d-9fb56cb49cd1,google,cpc,conteudo_educativo,2025-06-19T15:25:01.128794
f2f0b56d-d9a1-4dcf-99d5-a6287b8a6755,0cb5771b-e11d-4e11-a28d-9fb56cb49cd1,google,cpc,conteudo_educativo,2025-06-28T21:47:54.453700
34cd3edd-93f2-430e-83d7-f6f3a8061a2d,0cb5771b-e11d-4e11-a28d-9fb56cb49cd1,google,cpc,conteudo_educativo,2025-04-17T17:12:37.350346
cb57f13a-1ac0-4b62-8cd9-06e590d8fe29,0cb5771b-e11d-4e11-a28d-9fb56cb49cd1,google,cpc,conteudo_educativo,2025-12-04T00:49:51.390234
4ab087dc-cb26-42de-8d68-5af28c46ca91,0cb5771b-e11d-4e11-a28d-9fb56cb49cd1,google,cpc,conteudo_educativo,2025-09-25T02:31:55.571382
f4b88355-c638-4965-a13f-aeb18fdc9e58,0cb5771b-e11d-4e11-a28d-9fb56cb49cd1,google,cpc,conteudo_educativo,2025-08-07T15:01:32.997202
fa0b136b-f046-4357-9501-9ae035756d74,0cb5771b-e11d-4e11-a28d-9fb56cb49cd1,google,cpc,conteudo_educativo,2025-10-27T10:33:57.780410
ccfd1ea0-46d7-4760-9f58-4a462e99f96a,0cb5771b-e11d-4e11-a28d-9fb56cb49cd1,google,cpc,conteudo_educativo,2025-12-04T22:06:35.022473
2c263950-2930-4479-a906-0cd6775f567d,0cb5771b-e11d-4e11-a28d-9fb56cb49cd1,google,cpc,conteudo_educativo,2025-07-22T09:42:27.459179
e6faf056-2882-4257-a45a-2777d28af549,0cb5771b-e11d-4e11-a28d-9fb56cb49cd1,google,cpc,conteudo_educativo,2026-06-02T22:24:59.167861
4cdc2339-2a5f-4687-b520-22fda768976d,0cb5771b-e11d-4e11-a28d-9fb56cb49cd1,google,cpc,conteudo_educativo,2025-09-29T19:39:29.588583
124b5e56-9b39-4198-aef3-790368f8ab79,0cb5771b-e11d-4e11-a28d-9fb56cb49cd1,google,cpc,conteudo_educativo,2026-07-09T16:03:16.014430
3bea6ca7-4bf0-4881-89c9-d70ae1bf6864,0cb5771b-e11d-4e11-a28d-9fb56cb49cd1,google,cpc,conteudo_educativo,2025-11-02T20:56:11.688348
f1de32d6-6758-4827-b02e-ee92fb172078,0cb5771b-e11d-4e11-a28d-9fb56cb49cd1,google,cpc,conteudo_educativo,2025-08-20T00:55:56.625207
738b0b12-e091-4211-b6fd-0f859ce278e6,0cb5771b-e11d-4e11-a28d-9fb56cb49cd1,google,cpc,conteudo_educativo,2026-03-16T23:10:16.559830
fc82ff6c-8270-4067-8e9b-d6b91ecce70a,0cb5771b-e11d-4e11-a28d-9fb56cb49cd1,google,cpc,conteudo_educativo,2025-07-27T13:41:44.596522
519c47eb-de69-49c9-a19e-9cd9cb16696b,0cb5771b-e11d-4e11-a28d-9fb56cb49cd1,google,cpc,conteudo_educativo,2025-06-27T04:18:31.266761
51f7e6ae-721b-46df-ae3d-3e66367d7496,0cb5771b-e11d-4e11-a28d-9fb56cb49cd1,google,cpc,conteudo_educativo,2026-01-23T13:18:14.358611
b930ed53-2871-4064-bbcd-759fefb9a8ba,0cb5771b-e11d-4e11-a28d-9fb56cb49cd1,google,cpc,conteudo_educativo,2026-02-16T00:33:48.170429
9c8b8637-9f76-4ca3-9aa3-dd9ca1dd3049,0cb5771b-e11d-4e11-a28d-9fb56cb49cd1,google,cpc,conteudo_educativo,2025-12-21T08:12:03.046355
e4c93e01-98bc-4900-a087-2153e540e93b,0cb5771b-e11d-4e11-a28d-9fb56cb49cd1,google,cpc,conteudo_educativo,2025-05-06T21:54:02.466107
b022acb1-0f56-47da-9737-d91182771243,0cb5771b-e11d-4e11-a28d-9fb56cb49cd1,google,cpc,conteudo_educativo,2026-02-21T17:14:28.281397
623688f4-3348-4fbd-bf89-ef2e51ed4b45,0cb5771b-e11d-4e11-a28d-9fb56cb49cd1,google,cpc,conteudo_educativo,2026-03-08T13:38:32.978579
cb9b829f-2467-43ae-814c-2739196fddf1,0cb5771b-e11d-4e11-a28d-9fb56cb49cd1,google,cpc,conteudo_educativo,2025-12-30T05:18:50.541387
affe69e8-d5cf-470e-9325-d9f1777a8d22,0cb5771b-e11d-4e11-a28d-9fb56cb49cd1,google,cpc,conteudo_educativo,2026-01-27T08:40:08.129199
e65353e7-b471-473b-9e84-814a168fa58d,0cb5771b-e11d-4e11-a28d-9fb56cb49cd1,google,cpc,conteudo_educativo,2026-08-11T01:04:21.428651
63707d18-8bd9-49d2-8d5b-26cbb0db7ab0,0cb5771b-e11d-4e11-a28d-9fb56cb49cd1,google,cpc,conteudo_educativo,2025-06-24T15:41:03.029883
1a9391a0-9db3-44c0-86a0-e0ee4795ac0c,0cb5771b-e11d-4e11-a28d-9fb56cb49cd1,google,cpc,conteudo_educativo,2025-09-05T06:00:31.811016
0f13931f-077d-462b-b300-3ef0aa3d56e4,0cb5771b-e11d-4e11-a28d-9fb56cb49cd1,google,cpc,conteudo_educativo,2026-05-29T20:50:37.894112
24cb8986-e75c-4c37-9757-28a10917e11f,0cb5771b-e11d-4e11-a28d-9fb56cb49cd1,google,cpc,conteudo_educativo,2026-01-02T00:16:58.233432
228cc12d-ff6b-4a97-a921-765195277ab4,0cb5771b-e11d-4e11-a28d-9fb56cb49cd1,google,cpc,conteudo_educativo,2025-09-10T12:40:18.062004
4e002bb9-1f76-40eb-861b-79dd0613aa3d,0cb5771b-e11d-4e11-a28d-9fb56cb49cd1,google,cpc,conteudo_educativo,2026-04-23T01:35:02.594393
1ecc0120-003e-4728-af3e-bd34c02aeb85,0cb5771b-e11d-4e11-a28d-9fb56cb49cd1,google,cpc,conteudo_educativo,2025-06-20T18:32:38.514899
d25c2594-61e1-4710-a487-607f42d6a604,0cb5771b-e11d-4e11-a28d-9fb56cb49cd1,google,cpc,conteudo_educativo,2025-09-22T22:23:41.442424
dff0c867-9aa8-4497-b667-191d57f93222,0cb5771b-e11d-4e11-a28d-9fb56cb49cd1,google,cpc,conteudo_educativo,2025-07-15T07:19:14.754703
29a152ac-8ded-4b53-b422-58141a716260,0cb5771b-e11d-4e11-a28d-9fb56cb49cd1,google,cpc,conteudo_educativo,2026-01-16T20:40:47.540876
b6926fc7-23ad-47c5-8830-25cb9bd651a6,0cb5771b-e11d-4e11-a28d-9fb56cb49cd1,google,cpc,conteudo_educativo,2025-03-30T06:53:22.116460
c1a285ce-3031-46b5-bfae-7121d7d5fb8d,0cb5771b-e11d-4e11-a28d-9fb56cb49cd1,google,cpc,conteudo_educativo,2025-09-08T09:43:24.479311
a1883e80-ffcf-4d9f-83be-d7cd49083ee7,0cb5771b-e11d-4e11-a28d-9fb56cb49cd1,google,cpc,conteudo_educativo,2026-08-05T10:20:56.430906
d5cc84f0-0437-4e4e-a3a5-8d99e72cdd3a,0cb5771b-e11d-4e11-a28d-9fb56cb49cd1,google,cpc,conteudo_educativo,2026-02-23T10:24:06.120805
41f64eb9-3396-4d6f-87aa-49a90df73c15,0cb5771b-e11d-4e11-a28d-9fb56cb49cd1,google,cpc,conteudo_educativo,2026-02-11T01:56:36.242655
ea23370e-d5bf-415d-99d1-6d1ed6f68f98,0cb5771b-e11d-4e11-a28d-9fb56cb49cd1,google,cpc,conteudo_educativo,2026-06-21T19:04:22.949723
d6d7bc63-4e23-49be-9269-265ec9f6926e,0cb5771b-e11d-4e11-a28d-9fb56cb49cd1,google,cpc,conteudo_educativo,2025-12-07T05:31:36.321678
a2278b4b-9f6b-4ea3-a0f3-1f59a7e9c3e6,0cb5771b-e11d-4e11-a28d-9fb56cb49cd1,google,cpc,conteudo_educativo,2025-12-29T07:14:42.320342
e039e9a8-b833-4d13-8848-33113c641099,0cb5771b-e11d-4e11-a28d-9fb56cb49cd1,google,cpc,conteudo_educativo,2025-09-01T02:44:15.771833
05261201-ffce-46c1-8922-cc9dd82695cc,0cb5771b-e11d-4e11-a28d-9fb56cb49cd1,google,cpc,conteudo_educativo,2025-04-16T06:49:55.090445
136f744a-43b1-41cd-a711-fe9b7d368dda,0cb5771b-e11d-4e11-a28d-9fb56cb49cd1,google,cpc,conteudo_educativo,2025-12-13T17:12:51.852027
dfa68380-2893-4b33-8c5f-8c7eb68d7b50,0cb5771b-e11d-4e11-a28d-9fb56cb49cd1,google,cpc,conteudo_educativo,2026-03-04T02:49:24.386767
3ec76a8e-ae98-4af8-a40e-ccdab03757aa,0cb5771b-e11d-4e11-a28d-9fb56cb49cd1,google,cpc,conteudo_educativo,2026-06-07T21:35:03.616308
8b845315-7b95-4fba-9c2f-646501db357b,0cb5771b-e11d-4e11-a28d-9fb56cb49cd1,google,cpc,conteudo_educativo,2025-10-18T23:54:07.572285
6b04e15d-3d93-4c54-a001-07323fc16e3e,0cb5771b-e11d-4e11-a28d-9fb56cb49cd1,google,cpc,conteudo_educativo,2026-08-12T02:59:53.690596
828b0804-c4f8-45d9-a884-27a32f219dfa,0cb5771b-e11d-4e11-a28d-9fb56cb49cd1,google,cpc,conteudo_educativo,2025-07-21T01:54:18.182400
15cd87e7-17e5-4a98-b2f8-2faf77081ac7,0cb5771b-e11d-4e11-a28d-9fb56cb49cd1,google,cpc,conteudo_educativo,2026-04-01T03:10:33.846934
b3440ffa-05b9-4c86-ba68-9c6c294029b0,0cb5771b-e11d-4e11-a28d-9fb56cb49cd1,google,cpc,conteudo_educativo,2025-10-06T18:34:38.822132
b20326ec-2978-49bb-a09e-5f923bb0665a,0cb5771b-e11d-4e11-a28d-9fb56cb49cd1,google,cpc,conteudo_educativo,2026-01-07T18:08:52.914939
5964e47b-4f2b-4bd1-bc7b-d6f14a5e6ce9,0cb5771b-e11d-4e11-a28d-9fb56cb49cd1,google,cpc,conteudo_educativo,2025-09-25T19:34:38.893018
de5e1474-cd08-45ee-b1bc-833e51ecc049,0cb5771b-e11d-4e11-a28d-9fb56cb49cd1,google,cpc,conteudo_educativo,2025-05-30T03:15:05.983707
55a073e4-619e-41e7-8f86-418e07f68542,0cb5771b-e11d-4e11-a28d-9fb56cb49cd1,google,cpc,conteudo_educativo,2026-04-29T05:47:43.109828
2b40ed83-b550-433d-aa25-5b0dd206eee6,0cb5771b-e11d-4e11-a28d-9fb56cb49cd1,google,cpc,conteudo_educativo,2026-01-04T14:04:27.026956
1b672918-3e49-48ee-b16c-92224193a9c3,0cb5771b-e11d-4e11-a28d-9fb56cb49cd1,google,cpc,conteudo_educativo,2026-08-19T16:17:41.731683
a09a55bf-13d3-4e7a-9c3c-f5c82c4b29fa,0cb5771b-e11d-4e11-a28d-9fb56cb49cd1,google,cpc,conteudo_educativo,2026-06-03T01:36:50.944448
5a0eb956-ac17-45cf-83d2-b6600cb8f5ea,0cb5771b-e11d-4e11-a28d-9fb56cb49cd1,google,cpc,conteudo_educativo,2026-03-16T04:03:10.723030
ede2aac9-b753-4e8b-bdc7-e3a79fe42fc7,0cb5771b-e11d-4e11-a28d-9fb56cb49cd1,google,cpc,conteudo_educativo,2025-09-24T01:51:10.860039
b30941a7-ac1b-4410-a099-1adc27c6299f,0cb5771b-e11d-4e11-a28d-9fb56cb49cd1,google,cpc,conteudo_educativo,2026-07-28T07:56:04.059716
ebda82cc-36ef-4c38-be7b-511f3a657ea7,0cb5771b-e11d-4e11-a28d-9fb56cb49cd1,google,cpc,conteudo_educativo,2025-04-10T15:03:04.100693
4b506e91-df86-45fa-bf6f-31cd712b5fa2,0cb5771b-e11d-4e11-a28d-9fb56cb49cd1,google,cpc,conteudo_educativo,2026-07-28T23:47:48.058174
d3464392-365b-490b-ad3c-e411e0a2906e,0cb5771b-e11d-4e11-a28d-9fb56cb49cd1,google,cpc,conteudo_educativo,2025-11-11T17:37:02.412988
a126cf6f-26b5-4d14-b743-e029181d6663,0cb5771b-e11d-4e11-a28d-9fb56cb49cd1,google,cpc,conteudo_educativo,2025-11-08T07:28:15.910668
32cce87f-52f2-4409-89dc-ac2f6973f2be,0cb5771b-e11d-4e11-a28d-9fb56cb49cd1,google,cpc,conteudo_educativo,2025-06-17T22:00:55.819202
fd01d2dd-559e-4459-a5b8-618818e4322f,0cb5771b-e11d-4e11-a28d-9fb56cb49cd1,google,cpc,conteudo_educativo,2025-06-19T08:11:11.587232
d208b29d-bd16-48f1-a32f-278612135f8e,0cb5771b-e11d-4e11-a28d-9fb56cb49cd1,google,cpc,conteudo_educativo,2026-06-28T15:50:23.690359
991b6524-58f4-4323-ad2a-3b2746ef0b02,0cb5771b-e11d-4e11-a28d-9fb56cb49cd1,google,cpc,conteudo_educativo,2025-12-01T06:54:31.308178
4670b174-bfc5-4398-bdb3-d4678ce02b98,0cb5771b-e11d-4e11-a28d-9fb56cb49cd1,google,cpc,conteudo_educativo,2025-04-29T00:33:31.270913
63222de4-d7c3-43ac-8d1a-26e53f7f7091,0cb5771b-e11d-4e11-a28d-9fb56cb49cd1,google,cpc,conteudo_educativo,2026-02-12T10:56:49.228580
c8e6d280-a0a3-4b08-bc6e-c27e867e4ed6,0cb5771b-e11d-4e11-a28d-9fb56cb49cd1,google,cpc,conteudo_educativo,2025-11-09T11:58:04.588504
3094c671-e246-4650-a6a9-e70f9eb75017,0cb5771b-e11d-4e11-a28d-9fb56cb49cd1,google,cpc,conteudo_educativo,2025-07-18T19:30:59.643446
958eb812-acea-4306-9e7d-277fde4ea743,0cb5771b-e11d-4e11-a28d-9fb56cb49cd1,google,cpc,conteudo_educativo,2026-01-10T18:40:21.319799
11502ffb-8b33-4b74-9faa-f5ae726ef135,0cb5771b-e11d-4e11-a28d-9fb56cb49cd1,google,cpc,conteudo_educativo,2026-06-23T18:09:28.234255
3e328cc5-17ae-494d-a368-bf6086c4bd24,0cb5771b-e11d-4e11-a28d-9fb56cb49cd1,google,cpc,conteudo_educativo,2026-01-04T08:05:29.698785
1a3728d7-4b09-440b-b2e3-86041560e766,0cb5771b-e11d-4e11-a28d-9fb56cb49cd1,google,cpc,conteudo_educativo,2025-10-16T22:16:24.134160
c47fc464-faeb-441f-a2d3-0ec4f4c66c73,0cb5771b-e11d-4e11-a28d-9fb56cb49cd1,google,cpc,conteudo_educativo,2025-04-24T14:09:00.186301
bbfbe3b8-fde7-40bb-969d-87f85e0a1109,0cb5771b-e11d-4e11-a28d-9fb56cb49cd1,google,cpc,conteudo_educativo,2026-01-11T00:29:11.869381
52fb8c9a-f98a-40d9-9736-88c22b6d9923,0cb5771b-e11d-4e11-a28d-9fb56cb49cd1,google,cpc,conteudo_educativo,2026-06-17T15:53:44.218479
6300ce5d-1ed5-4e0b-b91b-4efd50921231,0cb5771b-e11d-4e11-a28d-9fb56cb49cd1,google,cpc,conteudo_educativo,2026-08-02T20:00:54.019550
ede52bb7-fa89-4e6c-9617-4b37c48e3ad1,0cb5771b-e11d-4e11-a28d-9fb56cb49cd1,google,cpc,conteudo_educativo,2025-04-09T16:46:51.683830
7d578250-e2f5-41ee-b3a0-a81cbb691c4d,0cb5771b-e11d-4e11-a28d-9fb56cb49cd1,google,cpc,conteudo_educativo,2025-10-02T01:44:45.595264
90519618-e228-4bd5-ab3c-60eda489eb01,0cb5771b-e11d-4e11-a28d-9fb56cb49cd1,google,cpc,conteudo_educativo,2025-06-15T18:47:05.721415
b0c01065-86f2-4058-91e6-c335dd9eaf13,0cb5771b-e11d-4e11-a28d-9fb56cb49cd1,google,cpc,conteudo_educativo,2025-08-17T06:36:16.024137
09efacbe-bdd2-4464-95b7-a8c3e656f070,0cb5771b-e11d-4e11-a28d-9fb56cb49cd1,google,cpc,conteudo_educativo,2025-09-19T11:34:15.188074
53e02ecf-45b0-4bc4-bffc-f6e43c926f1f,0cb5771b-e11d-4e11-a28d-9fb56cb49cd1,google,cpc,conteudo_educativo,2026-06-21T21:27:25.929410
7cfdb542-469d-40ec-88b7-b60c20a3ee00,0cb5771b-e11d-4e11-a28d-9fb56cb49cd1,google,cpc,conteudo_educativo,2025-07-24T22:03:18.957352
26053793-7157-4260-a31a-58093e51f6e9,0cb5771b-e11d-4e11-a28d-9fb56cb49cd1,google,cpc,conteudo_educativo,2025-08-18T02:46:13.201204
29d21f0f-c705-4120-9f4b-e612ec87eb1c,0cb5771b-e11d-4e11-a28d-9fb56cb49cd1,google,cpc,conteudo_educativo,2025-05-14T15:09:56.271868
eb5e83fc-6a94-48f5-9ab4-e696f4b5be5d,0cb5771b-e11d-4e11-a28d-9fb56cb49cd1,google,cpc,conteudo_educativo,2026-01-31T06:35:23.794040
1e4e10e8-dc41-421d-9d0c-d68be1c681f5,0cb5771b-e11d-4e11-a28d-9fb56cb49cd1,google,cpc,conteudo_educativo,2025-09-12T17:41:58.833272
f1a7e598-34de-4485-9986-84c62e7a6ed7,0cb5771b-e11d-4e11-a28d-9fb56cb49cd1,google,cpc,conteudo_educativo,2026-03-11T09:32:32.169585
d523d583-b858-415e-8e60-3bde44eec958,0cb5771b-e11d-4e11-a28d-9fb56cb49cd1,google,cpc,conteudo_educativo,2026-06-06T11:00:53.791080
8359dadb-2620-47f7-923d-5a1dd6568fc2,0cb5771b-e11d-4e11-a28d-9fb56cb49cd1,google,cpc,conteudo_educativo,2025-06-02T05:22:30.539645
accf4206-e03d-4f4b-8cf4-2e550e72cd0b,0cb5771b-e11d-4e11-a28d-9fb56cb49cd1,google,cpc,conteudo_educativo,2026-06-09T12:41:27.967381
588f06e8-3138-4b06-b57d-2e551381b65e,0cb5771b-e11d-4e11-a28d-9fb56cb49cd1,google,cpc,conteudo_educativo,2026-04-01T09:05:22.620979
154b6638-fe99-4497-a98a-2b095d30ac2e,0cb5771b-e11d-4e11-a28d-9fb56cb49cd1,google,cpc,conteudo_educativo,2025-09-18T04:01:21.000860
62a4a1f3-1694-44f5-bd07-aba7c1f70215,0cb5771b-e11d-4e11-a28d-9fb56cb49cd1,google,cpc,conteudo_educativo,2025-12-07T11:37:40.057163
da010ae0-bf06-4b9f-9170-45d7a17a8f01,0cb5771b-e11d-4e11-a28d-9fb56cb49cd1,google,cpc,conteudo_educativo,2025-11-10T00:38:11.852539
c6944284-e1b8-413a-b8c3-a3e0ead6f392,0cb5771b-e11d-4e11-a28d-9fb56cb49cd1,google,cpc,conteudo_educativo,2025-06-18T12:59:15.572455
41f62e3d-7da0-4612-b436-383755036998,0cb5771b-e11d-4e11-a28d-9fb56cb49cd1,google,cpc,conteudo_educativo,2025-04-14T20:34:39.080727
428ac933-a904-4f95-9133-314a9f604d0b,0cb5771b-e11d-4e11-a28d-9fb56cb49cd1,google,cpc,conteudo_educativo,2026-02-02T01:49:42.492997
468a2b61-5298-46e4-84da-6f0a1163e4ac,0cb5771b-e11d-4e11-a28d-9fb56cb49cd1,google,cpc,conteudo_educativo,2025-08-19T14:40:44.265290
b4218de8-88ce-4a1d-aa99-02201b5fe740,0cb5771b-e11d-4e11-a28d-9fb56cb49cd1,google,cpc,conteudo_educativo,2025-04-27T10:38:10.563411
bcdc3810-a378-4588-8787-84735c35384d,0cb5771b-e11d-4e11-a28d-9fb56cb49cd1,google,cpc,conteudo_educativo,2026-04-07T18:48:31.457558
f6c58975-3878-4083-8e3a-2d9196036e31,0cb5771b-e11d-4e11-a28d-9fb56cb49cd1,google,cpc,conteudo_educativo,2026-03-26T09:14:33.899013
ab971ca0-d066-45e4-863a-d1e8c8640933,0cb5771b-e11d-4e11-a28d-9fb56cb49cd1,google,cpc,conteudo_educativo,2025-05-03T16:12:45.774284
84467473-44f3-4494-99ab-a506e1e96c13,0cb5771b-e11d-4e11-a28d-9fb56cb49cd1,google,cpc,conteudo_educativo,2026-04-03T16:07:51.083527
7e293b15-efed-4e19-a3da-40beaf4d125d,0cb5771b-e11d-4e11-a28d-9fb56cb49cd1,google,cpc,conteudo_educativo,2025-07-07T13:00:02.457031
e8149e7f-d5b3-485b-80be-780533076373,0cb5771b-e11d-4e11-a28d-9fb56cb49cd1,google,cpc,conteudo_educativo,2025-05-27T23:44:01.568281
0b1fdef2-c406-47ad-803c-3474a35bb670,0cb5771b-e11d-4e11-a28d-9fb56cb49cd1,google,cpc,conteudo_educativo,2025-08-27T15:57:46.957790
78f5dd0c-3056-44e1-9337-03d89e2e695c,0cb5771b-e11d-4e11-a28d-9fb56cb49cd1,google,cpc,conteudo_educativo,2026-07-07T19:48:02.665532
